Title,Year,Casey,Dana,Brett,Brian,Dave,Jeff,Devin,Mark,RyRy,Eric,Hans,Susan,Jason,Julie,Brady,Lucy,Bryan,Owen
Burn After Reading,2008,.,.,.,5,.,.,7.5,.,.,6.5,.,.,.,.,7,.,.,.
The Hangover,2009,9.5,9,9.5,9,9,8,8.5,8.5,9,7,8,.,.,.,7.5,.,8,.
The Road,2009,7.5,7,.,.,.,7,5.5,.,.,8,8.5,.,.,.,7,.,.,.
The Way Back,2010,.,.,.,.,.,7.5,.,.,.,.,.,.,.,.,8.5,.,.,.
Drive,2011,9,6.5,8.5,8.5,9.5,8,9,8.5,.,9.75,8,.,6.5,.,9,.,7,.
Argo,2012,5,6,7.5,7.5,8,6,7,7.5,7,7,8,.,.,.,.,.,7,.
Django Unchained,2012,9.5,8,7.5,7.5,8,7.5,8.5,8.5,8.5,7.75,8,.,9,.,8.5,.,9,.
Pitch Perfect,2012,7,.,8,.,6,.,8.5,8,8,.,8,.,.,.,.,7.5,7,.
The Hobbit: An Unexpected Journey,2012,7,.,5.5,.,6,7,7.5,7,.,.,6.5,.,.,.,7,.,.,.
Zero Dark Thirty,2012,9,8.5,9,8.5,8.5,8.5,8,9,.,.,.,.,.,.,.,.,9,.
12 Years a Slave,2013,6,7.5,7,6,8,.,.,.,6,.,.,.,7,.,.,.,9,.
42,2013,7,7,.,.,5,7.5,.,.,.,.,7.5,.,.,.,.,.,.,.
All Is Lost,2013,6,6,7,6.5,.,7.5,5.5,.,.,.,.,.,.,.,.,.,.,.
Frozen,2013,6,8,6.5,8,.,7,6,7,8,7,7,.,.,.,7,8,.,6
Fruitvale Station,2013,8,7,8.5,.,.,.,.,.,.,.,.,.,7,.,.,.,.,.
Gravity,2013,6.5,6,9,8.5,8,8.5,.,7,5,6.75,8,.,8,.,7,.,9,.
Her,2013,6.5,6.5,7.5,7.5,8,7,7,8,.,8,.,.,7.5,.,8,.,.,.
Secret Life of Walter Mitty,2013,7.5,8,8,.,8,9,8,.,.,8.25,8,.,8,.,8.5,.,7,.
Star Trek: Into Darkness,2013,6.5,.,4,6.5,.,6,4,6,7,.,6,.,.,.,6.5,.,.,.
The Hobbit: Desolation of Smaug,2013,7,.,7,.,6,7,.,7.5,.,7.5,6.5,.,.,.,7.5,.,.,.
The Way Way Back,2013,9,8,.,6,8,7.5,7,7,7,6.5,.,.,.,.,.,.,.,.
The Wolf of Wall Street,2013,7,.,8.5,9,8,7.5,8,7,.,7.5,7,.,.,.,8.5,.,8,.
American Sniper,2014,6,7,5.5,5,5,8,6,8,.,.,.,.,.,.,.,.,.,.
An Honest Liar,2014,7,7,.,.,.,.,.,.,.,.,.,.,.,.,.,.,.,.
Birdman,2014,6.5,5,7,8,9,.,8,.,.,.,.,6,.,.,8,.,8,.
Boyhood,2014,7.5,8,8,8,8.5,.,8,7,.,6.5,.,8,.,.,.,.,.,.
Chef,2014,8.5,8.5,.,8,.,.,7,.,.,.,.,8,.,.,.,.,.,.
Dawn of the Planet of the Apes,2014,6,.,8,7,.,7.5,.,8,.,8,8,.,8.5,.,8.5,.,.,.
Ex Machina,2014,10,9,10,9.5,.,9,9,9,7,8.75,9,.,8.5,.,9.5,.,.,.
Foxcatcher,2014,7.5,7.5,7,.,8.5,.,8,.,.,7,.,.,.,.,.,.,.,.
Guardians of the Galaxy,2014,7.5,7,8,9.5,8.5,9,9,7.5,9,.,.,.,7,.,8,.,7,8
Interstellar,2014,8,8.5,7.5,7,7,8,8,10,.,9.5,9,.,8.5,.,8,.,8,.
John Wick,2014,7.5,5,8.5,9,.,7,8,8,8,5,7.5,.,.,.,7.5,.,8,.
Lego Movie,2014,8.5,8.5,7.5,9,9,9,7,9,9,7.5,7.5,8,.,.,9,8,8,7.5
Nightcrawler,2014,8,.,8,8,8.5,.,8.5,.,.,7.5,.,.,.,.,8.5,.,9.5,.
Selma,2014,7,7.5,.,8.5,.,.,.,7,.,.,.,.,.,.,.,.,.,.
The Edge of Tomorrow,2014,8.5,7,8.5,9,7,7,8,8.5,9,8.25,7,.,9,.,8.5,8,8.5,8
The Hobbit: Battle of Five Armies,2014,5.5,.,.,.,4,5,.,.,.,7.5,7,.,.,.,5.5,.,.,.
The Imitation Game,2014,8,7.5,8,7,.,9,7,8,6,7,8,8,7,.,.,.,.,.
Whiplash,2014,9,8.5,9.5,9.5,9,7.5,9,9,8,8.25,8,8.5,.,.,.,.,.,.
Ant-Man,2015,6.5,.,7.5,7.5,7,7.5,7,.,8,.,.,6,.,.,.,.,.,.
Bridge of Spies,2015,8.5,6,7.5,8,.,7.5,6,.,.,.,.,.,.,.,.,.,8.5,.
Brooklyn,2015,8,7.5,.,8.5,.,9,.,.,.,.,.,.,.,.,.,.,.,.
Chappie,2015,.,.,.,.,6.5,.,7,7.5,.,.,.,.,.,.,6.5,.,.,.
Creed,2015,7,7,8,8.5,8,8,8,7.5,.,.,7,.,.,.,8.5,.,7,.
Inside Out,2015,8.5,9,8.5,10,9,8,7,9,9,7,.,8,.,.,9,8,8,7.5
Jurassic World,2015,5,.,6.5,6,6,5.5,6,6,4,5,.,3,6,.,5,.,5,.
Love & Mercy,2014,8,8,8.5,8.5,.,.,8,8,.,8,.,.,.,.,.,.,.,.
Mad Max: Fury Road,2015,9,8.5,10,10,10,8.5,9,10,7,10,9.5,8,.,.,8,.,9.5,7.5
Mission: Impossible - Rogue Nation,2015,8.5,7,8.5,9,8,7.5,7,7.5,7,.,5.5,.,.,.,5.5,8,8,8
Pitch Perfect 2,2015,.,.,5,.,.,.,5,6.5,5,.,6,.,.,.,.,6.5,.,.
Room,2015,8,8,8,.,.,.,6,.,.,.,.,8,.,.,8,.,.,.
San Andreas,2015,.,.,.,.,.,.,.,5.5,.,.,.,.,.,.,.,.,.,.
Sicario,2015,7,6,7.5,7.5,.,8,8,7.5,.,8,7,.,.,.,7,.,9,.
Spotlight,2015,7,7.5,8.5,8,.,.,8,8,.,7,.,7,.,.,.,.,9,.
Star Wars: The Force Awakens,2015,8.5,8,8,8,6,8,8.5,8,8,7.75,7,.,9,.,10,.,8,.
Steve Jobs,2015,7,6.5,7.5,9,8,.,7.5,8,.,.,.,.,.,.,.,.,.,.
Straight Outta Compton,2015,7.5,7,8,8.5,7,.,7.5,8.5,.,6.5,7,.,.,.,.,.,8,.
The Big Short,2015,7,8,5,5,6,.,6,7.5,.,6.5,.,.,.,.,.,.,9,.
The Gift,2015,7,7.5,.,.,.,.,6,.,.,.,.,.,.,.,7.5,.,.,.
The Martian,2015,7.5,8,8,7,7,7,8,8,.,7,8,.,7,.,8,7.5,9,8
The Revenant,2015,9.5,8.5,8.5,8.5,8.5,9,8,.,.,8,7.5,.,9,.,9,.,7,.
10 Cloverfield Lane,2016,8.5,7,8,8,9,8.5,8,.,.,.,.,.,.,.,8,.,.,.
13 Hours,2016,6,.,5,6,.,7,.,7,.,.,8,.,.,.,.,.,.,.
Arrival,2016,8,7,8,8.5,8.5,8,8,8,.,7.5,9,.,.,.,7.5,.,.,.
Barbershop: The Next Cut,2016,7.5,6.5,7.5,8,.,.,.,7.5,.,.,.,.,.,.,.,.,.,.
BFG,2016,4.5,4,.,.,.,6,.,.,6,.,.,.,.,.,6.5,.,.,.
Captain America Civil War,2016,.,.,8,8.5,.,7.5,7,.,6,.,.,.,.,.,6.5,.,.,.
Captain Fantastic,2016,7.5,7.5,.,7,.,.,6,.,4,.,7.5,.,.,.,.,.,.,.
Colossal,2016,5,7,6.5,.,.,.,.,.,.,.,.,4,.,.,.,.,.,.
Deadpool,2016,6,6,7.5,8,7,7.5,8,6,9,6,8.5,7.5,.,.,8.5,.,.,.
Deepwater Horizon,2016,6.5,5,7,8.5,.,.,.,7,.,.,.,.,.,.,.,.,7,.
Doctor Strange,2016,4.5,3,4,5,.,6.5,7.5,.,7,.,.,4,7,.,7,.,.,.
Hacksaw Ridge,2016,3,5,4,5,.,7,.,.,.,.,.,.,.,.,7,.,.,.
Hail Caesar!,2016,5,5,4,3,.,.,4,.,.,.,.,.,.,.,7,.,.,.
Hell or High Water,2016,9.5,7,8.5,9.5,9.5,9.5,8,.,.,.,7.5,.,.,.,8,.,.,.
Hidden Figures,2016,7,8,8,8.5,8.5,7.5,8,8,7,.,8.5,.,.,.,7.5,.,.,.
Hunt for the Wilderpeople,2016,7.5,8.5,6.5,.,6,7,7.5,.,8,.,9,.,.,.,9,.,6,.
Jungle Book,2016,7,.,7,7,7,7,.,7,5,6,.,.,.,.,7,.,.,.
La La Land,2016,7,8,8.5,8,8,.,8,8,.,.,.,8,.,.,7,.,8.5,.
Lion,2016,9,9,8.5,8,.,9.5,7.5,8.5,8,7.5,8,9,.,.,.,.,.,.
Lost City of Z,2016,8,7.5,.,.,.,7,8.5,.,.,.,.,.,.,.,6,.,.,.
Love & Friendship,2016,3,3,.,.,.,.,.,.,.,.,.,.,.,.,.,.,.,.
Loving,2016,7.5,6.5,.,.,.,.,.,.,.,.,.,7.5,.,.,.,.,.,.
Manchester by the Sea,2016,7,7.5,7.5,7.5,9,8,7,.,.,.,.,7,.,.,.,.,.,.
Midnight Special,2016,5,6,5,6,6.5,.,6,.,.,.,.,.,.,.,.,.,.,.
Miss Sloane,2016,.,.,.,.,.,.,.,7,.,.,.,.,.,.,.,.,.,.
Moana,2016,5.5,6.5,5.5,7.5,.,8,8,7.5,9,7.5,8,.,8,.,7,7,.,6
Moonlight,2016,5,6.5,7,7.5,8,.,7.5,.,.,.,.,7,.,.,.,.,10,.
Pete's Dragon,2016,1,1,.,.,.,4,4,4.5,.,4.5,5,.,.,.,.,.,.,.
Popstar: Never Stop,2016,5,6,4.5,.,.,.,5,.,.,.,.,.,.,.,.,.,.,.
Silence,2016,7,7,.,.,.,.,.,.,.,.,.,.,.,.,.,.,.,.
Sing,2016,2,2,.,.,.,1,2,4,4,.,4.5,.,.,.,.,.,.,.
Sing Street,2016,9.5,10,9.5,9.5,9,.,10,10,8,9,9,9,7.5,.,9,8.5,.,8
Snowden,2016,7.5,.,.,.,.,.,.,8.5,.,7,.,.,.,.,.,.,.,.
Split,2016,8,7.5,8,8.5,8,7.5,.,6,.,.,.,.,7,.,7.5,.,6,.
Suicide Squad,2016,.,.,3,4,.,3,3,.,.,.,.,.,.,.,4.5,.,.,.
Sully,2016,7,7,7,5,.,7,6,6,.,.,.,.,7,.,.,.,8,.
Star Wars: Rogue One,2016,8,7,5.5,8,7,7,7,7,8,6,7,6,7,.,9,.,9,.
Swiss Army Man,2016,6.5,7,.,7.5,.,.,7,.,7,.,.,.,.,.,8.5,.,.,.
The Accountant,2016,.,.,.,5,.,7,5,.,5,4,.,.,.,.,.,.,.,.
The Belko Experiment,2016,.,.,6,.,.,.,.,6.5,.,.,.,.,.,.,.,.,.,.
The Founder,2016,8.5,8.5,8,8,.,8,7,8,.,.,.,.,7.5,.,.,.,8,.
The Infiltrator,2016,7.5,7.5,.,.,.,.,.,.,.,.,.,.,.,.,.,.,.,.
The Red Turtle,2016,.,7.5,.,.,.,.,.,.,.,.,.,.,.,.,.,.,.,.
Tower,2016,.,7,.,.,.,.,.,.,.,.,.,.,.,.,.,.,.,.
Trolls,2016,7,8,.,.,.,6,7,7.5,8,5.5,5.5,.,.,.,.,.,.,.
Zootopia,2016,4,6,5,.,.,4,7,5,9,3.5,.,.,.,.,.,6,.,.
47 Meters Down,2017,.,.,.,.,.,.,.,5,.,.,.,.,.,.,.,.,.,.
All The Money in the World,2017,5.5,4,.,.,6,.,.,.,.,.,.,.,.,.,.,.,.,.
American Made,2017,7.5,7,5,6,.,8,7,7.5,.,.,.,.,.,.,.,.,7.5,.
Baby Driver,2017,8.5,7.5,8.5,8.5,7,8,7,.,.,.,6,.,.,.,7.5,.,.,.
Battle of the Sexes,2017,7.5,7,7.5,7.5,6.5,.,7,7,.,.,7.5,.,.,.,.,.,.,.
Baywatch,2017,.,.,5.5,.,5,.,6,6,.,.,.,.,.,.,.,.,5,.
Beauty and the Beast,2017,8,7.5,7,9,7,5,7,.,6,.,.,8.5,.,.,.,.,.,.
Blade Runner 2049,2017,7,7,9,10,10,7.5,10,9,8,9,8,.,.,.,8.5,.,.,.
Brigsby Bear,2017,7.5,7.5,8,9,8,.,8,.,.,7,.,.,.,.,9,.,.,.
Call Me By Your Name,2017,5.5,8,7,.,.,.,8,.,1,.,6.5,10,.,.,.,.,.,.
Cars 3,2017,.,.,.,.,.,4,.,8,4,.,.,.,8,.,.,.,.,.
Chappaquiddick,2017,6,6,.,.,.,.,.,6,.,.,.,.,.,.,.,.,6,.
Coco,2017,8,7.5,8,5,9,8,9,9,7,8.5,7.5,.,.,.,.,8.5,9,7
Detroit,2017,7,8,.,.,.,.,.,.,.,.,.,.,.,.,.,.,.,.
Disobedience,2017,.,.,7,.,.,.,8.5,.,.,.,.,.,.,.,.,.,.,.
Downsizing,2017,.,.,5.5,.,3,.,5,.,.,5.75,.,.,4,.,.,.,.,.
Dunkirk,2017,7.5,6,8,8,9.5,10,7,8,.,.,8.5,.,.,.,7,.,6.5,.
Fate of the Furious,2017,.,.,7,7.5,7,6,7,.,.,.,.,.,.,.,5.5,.,.,.
Get Out,2017,7,9,9,8,10,7,8,8,.,8.5,.,8,8,.,8.5,.,7.5,.
Good Time,2017,8,7,8,7,.,.,8,.,.,.,8,.,.,.,.,.,9,.
Guardians of the Galaxy 2,2017,6,6.5,5,6,7,7,7,.,6,.,5.5,6,.,.,7,.,.,.
Hostiles,2017,8,7.5,.,.,8,8,.,.,.,.,.,4,.,.,7,.,.,.
"I, Tonya",2017,7.5,7,8,7,8,.,7,.,.,.,.,7,.,.,8.5,.,.,.
In the Fade,2017,.,.,8,.,.,.,.,.,.,.,.,.,.,.,.,.,.,.
Ingrid Goes West,2017,7.5,7.5,7,.,.,.,8,.,.,.,.,6.5,.,.,8.5,.,.,.
IT (Stephen King),2017,6.5,.,6,.,7.5,.,4.5,7.5,.,.,.,.,6,.,.,.,.,.
John Wick 2,2017,8,.,7.5,7,.,6,6,7.5,8,.,6.5,.,.,.,7,.,.,.
Jumanji: Welcome to the Jungle,2017,.,.,7.5,.,9,7.5,7,8,8,6.5,5.5,.,7.5,.,6.5,.,7,.
Jungle,2017,7,7.5,.,.,.,.,.,.,.,.,.,.,.,.,.,.,.,.
Kong Skull Island,2017,4,6.5,5,8,.,5,5,7,.,.,.,.,.,.,5.5,.,7,.
Lady Bird,2017,8.5,9,8.5,7,9,.,9,8,.,.,.,9,.,.,8,8,.,.
Lego Batman Movie,2017,3,3,5.5,8,8,4,4,6,8,6,6.5,.,.,.,7.5,.,7,.
Logan,2017,5,.,6.5,7,8,7,7.5,8,.,.,.,.,9,.,8.5,.,.,.
Logan Lucky,2017,4,5,5,5.5,7,7,6,.,4,.,.,.,.,.,.,.,.,.
Marshall,2017,4.5,.,.,.,.,.,.,.,.,.,.,.,.,.,.,.,.,.
Mollie𠏋 Game,2017,6,6,8,8,7.5,.,7.5,.,.,.,.,.,.,.,.,.,.,.
Mudbound,2017,7.5,8,.,.,7,.,.,.,.,.,.,.,.,.,.,.,.,.
Murder on the Orient Express,2017,4.5,.,3,5,.,6,6,5,.,.,.,.,.,.,6.5,.,6,.
Paddington 2,2017,7.5,8,7,10,8,.,9.5,.,8,.,.,.,.,.,.,.,.,.
Phantom Thread,2017,8,7,8,8.5,9,.,9,.,.,.,.,7,.,.,.,.,.,.
Pirates: Dead Men Tell No Tales,2017,.,.,.,.,.,7,.,.,7,.,.,.,7.5,.,5,.,.,.
Pitch Perfect 3,2017,.,.,2,.,.,.,.,5.5,2,.,3.5,.,.,.,.,.,.,.
Spiderman Homecoming,2017,7.5,.,8,8.5,8.5,7.5,7,.,.,6,.,.,.,.,7,.,.,.
Star Wars: The Last Jedi,2017,7,7.5,7,9,9,8.5,9,7,8,8,8,8,9,.,9.5,.,.,.
Stronger,2017,6,6,.,.,.,.,.,.,.,.,.,.,.,.,.,.,.,.
The Big Sick,2017,7,8,8,8,.,.,8,8.5,8,7.5,8,8.5,.,.,.,.,.,.
The Darkest Hour,2017,7,7,6,7,6.5,8,8,8,.,.,.,7,.,.,.,.,.,.
The Disaster Artist,2017,.,.,6.5,5.5,7,.,6,.,.,.,.,.,.,.,.,.,.,.
The Florida Project,2017,7.5,8,8,9,9,.,4,.,.,.,.,.,.,.,.,.,.,.
The Glass Castle,2017,6.5,7.5,.,.,.,.,.,.,.,.,.,.,.,.,.,.,.,.
The Greatest Showman,2017,8.5,8,7.5,9,7,8,9,8.5,8,8,8.5,7.5,7,.,7.5,.,7,.
The Mountain Between Us,2017,.,.,5,.,.,5,.,.,.,.,.,.,.,.,6,.,.,.
The Mummy,2017,.,.,.,.,.,1,.,.,.,.,3,.,.,.,5,.,.,.
The Post,2017,9,7.5,7.5,8,7,7.5,6,8,.,.,8.5,5,.,.,.,.,7,.
The Shape of Water,2017,7,7.5,6,5,1,.,4,.,.,.,.,7,5,3,8,.,7,.
Thor: Ragnarok,2017,7,.,7.5,8.5,8,8,9,8.5,7,.,.,7,.,.,7.5,.,.,.
Thoroghbreds,2017,5.5,7,.,.,.,.,8,.,.,.,.,.,.,.,.,.,.,.
Three Billboards,2017,7,7,8,7,8.5,7.5,8,.,.,.,.,8,.,.,.,.,.,.
Wind River,2017,7.5,6.5,7.5,5,,.,8,8,.,.,.,.,.,.,.,.,.,.
Wonder,2017,7.5,.,.,.,.,5,7,7.5,7,.,.,.,.,.,.,.,7,.
Wonder Woman,2017,5.5,5.5,8,8,7,8.5,9,6,7,5,.,7,.,.,.,.,.,.
You Were Never Really Here,2017,.,.,8,.,.,.,8,.,.,.,.,.,.,.,.,.,.,.
12 Strong,2018,.,.,.,.,5,.,.,7.5,.,.,.,.,.,.,.,.,.,.
A Quiet Place,2018,8.5,7.5,8,9,8.5,8.5,7,8,9,7.5,8,.,8.5,.,8.5,8.5,7,8.5
A Wrinkle in Time,2018,.,.,.,.,.,.,3.5,.,.,.,.,3,.,.,.,.,.,.
Adrift,2018,.,.,6,.,.,6,.,.,.,.,.,.,7,.,.,.,.,.
American Animals,2018,9,7.5,8.5,8.5,7.5,.,8.5,.,.,8.5,.,.,.,.,.,.,.,.
Annihilation,2018,7,7,7.5,7,7,6.5,8,.,.,8,7,.,.,.,8.5,.,.,.
Ant-Man and the Wasp,2018,6,.,7.5,7.5,6,8.5,7,.,8,.,.,4,.,.,.,.,.,.
Avengers: Infinity War,2018,8,.,8,6,8,8,7.5,5.5,8,.,.,.,.,.,7.5,.,.,.
Beirut,2018,7,6.5,.,6.5,6,.,.,.,.,.,.,.,.,.,.,.,.,.
Black Panther,2018,7.5,8,8.5,8.5,8,8,8,7.5,7,.,.,7,9,.,7.5,.,7,.
Blockers,2018,.,.,7.5,7,6,.,8,.,.,.,.,.,5,.,.,.,.,.
Deadpool 2,2018,.,.,8.5,8.5,7,.,9.5,7,8,.,.,7,.,.,8,.,.,.
Eighth Grade,2018,8.5,8,9,9,9,.,9,.,.,.,.,.,.,.,8.5,.,.,.
First Reformed,2018,5.5,7,8,9,10,.,.,.,.,.,.,.,.,.,.,.,.,.
Game Night,2018,8.5,8,7.5,7.5,6.5,7.5,9,8.5,8,7.75,7.5,7,9,.,7.5,.,.,.
Hearts Beat Loud,2018,6.5,7.5,8,.,7.5,.,9.5,.,.,.,9,.,.,.,.,.,.,.
Hereditary,2018,5.5,4,6.5,8.5,10,.,.,.,.,.,.,.,.,.,6,.,10,.
I Feel Pretty,2018,5.5,7.5,5,.,.,.,6,8,.,.,.,.,.,.,.,.,.,.
Incredibles 2,2018,5,6,7.5,.,.,6,6,7,8,7,.,.,.,.,6.5,.,.,.
Isle of dogs,2018,8,.,5,3,3,7,8,.,.,.,.,.,.,.,8,.,.,.
Jurassic World: Fallen Kingdom,2018,.,.,7,4,.,4,4.5,.,3,4,.,.,.,.,4,.,.,.
Life of the Party,2018,.,.,3,.,.,.,.,2.5,.,.,.,.,3,4,.,.,2,.
"Love, Simon",2018,.,.,.,.,.,.,7,.,.,.,.,8,.,.,.,.,.,.
Ocean's Eight,2018,6,7,6,.,.,6.5,6,.,.,.,.,6,.,.,5,.,.,.
Ready Player One,2018,7.5,7,8,6.5,6,7,8,8.5,8,5.5,6.5,6,.,.,3,.,.,.
Solo: A Star Wars Story,2018,7,8,7.5,6,6.5,8,7.5,8,7,7.5,.,.,8,.,9,.,8,.
Sorry to Bother You,2018,.,5,6.5,6,8,.,9,.,.,.,.,.,.,.,.,.,.,.
The Informant!,2009,.,.,.,.,.,.,.,.,.,8,.,.,.,.,.,.,.,.
The Week Of,2018,.,.,.,.,.,.,.,3,.,.,.,.,.,.,.,.,.,.
Three Identical Strangers,2018,8.5,8.5,8,8.5,8,.,7.5,.,7,.,.,.,.,.,8.5,.,.,.
Tully,2018,7,7,8,.,8.5,.,8,.,.,.,.,.,.,.,.,.,.,.
Unsane,2018,6.5,8,7.5,7.5,.,.,7,.,.,.,.,.,.,.,4.5,.,.,.
Won't You Be My Neighbor?,2018,8,8,8,8.5,9,.,9,.,9,.,8.5,.,.,.,.,.,.,.
Mission: Impossible - Fallout,2018,8.5,8.5,9,8,9.5,8,8,8.5,7,8.25,8.5,.,.,.,5,.,.,.
"Don't Worry, He Won't Get Far On Foot",2018,.,.,7,.,.,.,6,.,.,.,.,7,.,.,.,.,.,.
Blindspotting,2018,.,.,7.5,.,7.5,.,.,.,.,.,.,.,.,.,.,.,.,.
BlacKkKlansman,2018,8,.,8.5,9,9.5,.,8.5,.,.,.,.,8.5,8,.,.,.,.,.
Crazy Rich Asians,2018,5.5,7,8,6.5,8,6,7.5,8,7,.,.,7,.,.,.,.,.,.
The Meg,2018,.,.,6.5,.,6,4,.,6,.,4.5,.,.,.,.,.,.,5,.
Being George Clooney,2016,7,8,7,.,.,.,.,.,.,.,.,.,.,.,.,.,.,.
How It Ends,2018,.,.,.,.,.,.,.,6.5,.,.,.,.,.,.,.,.,.,.
The Man From Earth,2007,.,.,.,.,.,.,.,.,.,8.5,.,.,.,.,.,.,.,.
Searching,2018,8.5,8,8,8,,.,.,8,.,.,.,.,.,.,.,.,.,.
Blaze,2018,3,3,.,.,.,.,.,.,.,.,.,9,.,.,.,.,.,.
Locke,2013,7.5,.,7.5,8,.,.,8,.,.,.,6.5,.,.,.,.,.,.,.
A Simple Favor,2018,8,8,7,.,.,.,8,.,.,.,.,.,.,.,.,.,.,.
A Serious Man,2009,.,.,.,.,7.5,.,8,.,.,7,.,.,.,.,8,.,.,.
OtherLife,2017,.,.,.,.,.,.,.,.,.,5,.,.,.,.,.,.,.,.
Hold the Dark,2018,3.5,.,.,.,.,.,.,.,.,.,.,.,.,.,.,.,.,.
A Star is Born,2018,8.5,8,5.5,8,7,5,9,7.5,.,.,.,8.5,.,.,.,.,.,.
Tag,2018,.,4,5,.,.,.,.,6,7,6,.,.,.,.,.,.,.,.
Private Life,2018,6.5,8,.,.,.,.,.,.,.,.,.,.,.,.,.,.,.,.
The Witch,2015,.,.,8,6.5,10,.,9,.,.,.,.,.,.,.,7,.,.,.
Bad Times at El Royale,2018,5,.,.,6,.,.,8,.,.,.,.,.,.,.,.,.,.,.
Free Solo,2018,8.5,7,9,8.5,.,8,8.5,8,.,8.5,9,.,.,.,7,.,8,.
mid90s,2018,.,.,7,.,7,.,5.5,.,.,.,.,.,.,.,.,.,.,.
First Man,2018,7,7,7.5,.,8,8,.,.,.,.,.,.,.,.,.,.,.,.
Can You Ever Forgive Me?,2018,7.5,7,7.5,.,8.5,.,.,.,7,.,.,.,.,.,.,.,.,.
Halloween,2018,.,.,7.5,.,9.5,.,.,.,.,.,.,.,.,.,6.5,.,.,.
Skate Kitchen,2018,.,.,8,.,8.5,.,.,.,.,.,.,.,.,.,.,.,.,.
"Juliet, Naked",2018,9,8,8,8.5,8,.,8,.,8,.,.,.,.,.,.,.,.,.
The Hate U Give,2018,8,8.5,8.5,.,.,.,6.5,.,.,.,.,.,.,.,.,.,.,.
War for the Planet of the Apes,2017,.,.,6.5,7.5,.,.,.,7.5,.,7.5,.,.,.,.,8,.,.,.
Venom,2018,.,.,4.5,.,.,7.5,5,5.5,.,.,.,.,.,.,6,.,.,.
Goosebumps 2,2018,.,.,.,.,.,.,.,4,.,.,.,.,.,.,.,.,.,.
Bohemian Rhapsody,2018,6.5,8,6.5,.,7,8,7.5,8,8,.,8,8.5,.,.,9,.,8,.
Boy Erased,2018,.,.,.,.,.,.,.,.,.,.,.,7,.,.,.,.,.,.
Overlord,2018,.,.,7,.,7,.,7.5,.,.,.,6.5,.,.,.,.,.,.,.
Widows,2018,8,8,7.5,.,5,.,.,.,.,.,.,.,.,.,.,.,.,.
The Place Beyond the Pines,2012,.,.,.,.,4,.,7,.,.,7,6.5,.,.,.,.,.,.,.
Outlaw King,2018,5.5,.,.,.,.,5,.,.,.,.,7.5,.,.,.,.,.,.,.
Green Book,2018,8,8,7.5,8,8,8.5,8,.,.,.,.,10,.,.,.,.,10,.
Creed 2,2018,7,.,7,6.5,8,.,7,7.5,.,.,.,.,.,.,7.5,.,.,.
The Favourite,2018,3,4.5,5.5,5,.,.,.,.,.,.,.,.,.,.,.,.,.,.
Leave No Trace,2018,7,7,.,.,.,.,7.5,.,.,.,8.5,.,.,.,.,.,.,.
Aquaman,2018,.,.,8,9,.,3,6,.,.,.,.,.,.,.,.,.,.,.
Roma,2018,.,.,9,7.5,10,8,.,.,.,.,.,.,.,.,.,.,.,.
Spiderman: Into the Spider-verse,2018,8,7.5,9,8.5,9.5,7.5,9.5,9,9.5,7,.,7,9.5,.,.,.,7,.
Mary Queen of Scots,2018,7,7,.,.,.,1.5,.,.,.,.,.,.,.,.,6.5,.,.,.
Papillon,2018,6.5,.,.,.,.,.,5,.,.,.,.,.,.,.,6.5,.,.,.
Mule,2018,6,6.5,.,.,.,6,.,6.5,.,.,7,.,.,.,.,.,.,.
Nutcracker and the Four Realms,2018,.,.,.,.,.,3,.,.,.,.,.,.,.,.,.,.,.,.
Mary Poppins Returns,2018,6,8,.,7.5,8,4,7,.,5,7,.,.,.,.,.,.,8,.
Fantastic Beasts: Grindelwald,2018,.,.,.,.,.,6.5,.,.,7,7,.,.,.,.,7.5,.,.,.
Bird Box,2018,5.5,7.5,5.5,.,.,.,6,.,.,.,.,.,7.5,8,7,.,.,.
Christopher Robin,2018,7.5,.,.,7.5,.,8,.,7,8,7.75,9,.,8,.,.,.,.,.
The Grinch,2018,4,.,.,.,.,5,.,7,3,.,.,.,.,.,.,.,.,.
Support the Girls,2018,.,.,7,.,.,.,.,.,.,.,.,.,.,.,.,.,.,.
Shoplifters,2018,6.5,7.5,.,.,7,.,.,.,.,.,.,.,.,.,.,.,.,.
Bumblebee,2018,.,.,6.5,8,.,.,.,.,.,.,.,.,8,7,.,.,.,.
Minding the Gap,2018,.,.,8,9.5,8.5,.,.,.,.,.,.,.,.,.,.,.,.,.
Moulin Rouge,2001,8.5,8.5,8.5,9,8,7,9,8.5,8,8,8.5,.,9.5,9,8.5,.,.,.
If Beale Street Could Talk,2018,6.5,7,7.5,.,8,.,.,.,.,.,.,.,.,.,.,.,.,.
The Rider,2018,7.5,7.5,.,8.5,.,.,.,.,.,.,.,.,.,.,.,.,.,.
Ghostbusters,2016,4,.,.,.,.,6,5,.,6,.,.,6,.,.,.,.,.,.
Pacific Rim,2013,.,.,6.5,7.5,7,5,6,7.5,.,3.5,.,.,.,.,4,.,.,.
Action Point,2018,.,.,.,.,.,.,.,.,.,5,.,.,.,.,.,.,.,.
Fantastic Beasts and Where to Find Them,2016,.,.,.,.,.,7,6,.,7,7,.,.,.,.,7.5,.,.,.
Black Mirror: Bandersnatch,2018,.,.,.,.,.,.,.,.,.,7,.,.,.,.,.,.,7,.
The Tree of Life,2011,7.5,.,7,8.5,.,.,8.5,.,8,9.5,.,.,.,.,.,.,.,.
Glass,2019,6.5,.,6,7.5,.,.,.,5.5,.,.,.,.,8.5,10,8,.,.,.
On the Basis of Sex,2018,7,7,.,.,6.5,.,.,.,.,.,.,.,.,.,.,.,.,.
20th Century Women,2016,8.5,8.5,9,10,10,no,9,.,7,.,8,.,.,.,.,.,.,.
The Ballad of Buster Scruggs,2018,7.5,.,7.5,7,7.5,8,8,.,8,.,.,.,.,.,.,.,.,.
RBG,2018,9,8,.,8,.,.,7,.,.,.,.,9,.,.,.,.,9,.
Sicario: Day of the Soldado,2018,7,.,7,.,.,7,6.5,7,.,.,.,.,.,.,6.5,.,8,.
Serenity,2018,.,.,2,.,.,.,.,.,.,.,.,.,.,.,.,.,.,.
The Grey,2011,8,8,8.5,9.5,.,7,8,9,7,7.5,8,.,.,.,8,.,7.5,.
Captain Phillips,2013,8,7,7.5,8.5,8,7.5,7,.,.,.,.,.,.,.,.,.,8,.
The Social Network,2010,9,9,10,10,9,9,9,9,6,8,.,9,.,.,.,.,10,.
"Oh Brother, Where Art Thou?",2000,7,.,7.5,7.5,9,10,9,7.5,8,7,6.5,8,9.5,.,8.5,.,.,.
Arctic,2018,8,8.5,8,.,.,7.5,.,.,.,8,.,.,.,.,.,.,.,.
Mandy,2018,.,.,.,.,9,.,.,.,.,8.75,.,.,.,.,.,.,.,.
Suspiria (2018),2018,.,.,.,.,9,.,8,.,.,.,.,.,.,.,.,.,.,.
The LEGO Movie 2: The Second Part,2019,.,.,.,7,.,7.5,.,5,7,.,.,.,.,.,4,.,.,.
Cold Pursuit,2019,3.5,4,.,.,.,.,.,5,.,.,.,.,.,.,.,.,.,.
Once Upon a Deadpool,2018,.,.,.,.,.,.,.,7,.,5.5,.,.,.,.,.,.,.,.
White Boy Rick,2018,4.5,6.5,.,.,.,.,5,.,.,.,.,.,.,.,.,.,.,.
True Grit,2010,7.5,.,7,7,7,8.5,7,7,8,.,7.5,.,.,.,7.5,.,8,.
Crazy Heart,2009,8,.,8,8,10,.,9,.,.,.,.,.,.,.,.,.,.,.
The One I Love,2014,.,.,7.5,.,.,.,8,.,.,.,.,.,.,.,.,.,.,.
Happy Death Day,2017,.,.,7.5,.,7.5,.,.,.,.,.,.,.,.,.,5.5,.,.,.
Happy Death Day 2U,2019,.,.,6.5,.,7,.,.,.,.,.,.,.,.,.,5,.,.,.
The Hurt Locker,2008,8,.,8,7.5,8.5,7.5,8,.,.,.,9.5,.,.,.,.,.,8,.
Black Swan,2010,9,.,9,9,8,.,8.5,.,.,.,.,8,.,.,9,.,.,.
Office Space,1999,9,.,9.5,8,9,8,9,9,9,8.5,8,.,.,.,8,.,.,.
A Ghost Story,2017,.,.,7.5,.,.,.,7.5,.,.,.,.,.,.,.,.,.,.,.
Fighting with My Family,2019,6,.,8,.,8,7,.,.,.,.,.,.,.,.,.,.,.,.
Isn㦙 it Romantic,2019,.,3,.,.,.,.,.,.,.,.,.,.,.,.,.,.,.,.
Apollo 11,2019,9.5,8.5,10,10,10,8.5,10,.,10,.,.,.,.,.,.,.,.,.
Captain Marvel,2019,5,.,5.5,.,.,7.5,6,5,6,.,.,5.5,.,.,7.5,.,.,.
The Catcher Was a Spy,2018,.,.,.,.,.,5,.,.,.,.,.,.,.,.,.,.,.,.
Triple Frontier,2019,.,.,7,.,.,.,.,7.5,.,.,.,.,.,.,.,.,.,.
Us,2019,5,5,6,6.5,6.5,.,.,.,.,.,.,.,.,.,7,.,.,.
Alita: Battle Angel,2019,7,.,6.5,.,.,7,.,8.5,.,.,.,.,.,.,.,.,.,.
The Wife,2018,8,.,.,7,.,.,.,.,.,.,.,.,.,.,.,.,.,.
Shazam!,2019,7,8.5,7.5,8.5,7,6.5,8,.,7,.,.,.,.,.,.,.,.,.
High Life,2019,2,3,.,.,.,.,6,.,.,.,.,.,.,.,.,.,.,.
Dumbo,2019,.,1,.,.,.,.,.,.,.,.,.,.,.,.,.,.,.,.
Wakefield,2017,7,.,.,.,.,.,.,.,.,7,.,.,.,.,.,.,.,.
Family,2018,.,.,7,.,.,.,.,.,.,.,.,.,.,.,.,.,.,.
Hellboy,2019,.,.,3.5,.,3,.,.,.,.,.,.,.,.,.,.,.,.,.
Teen Spirit,2018,.,.,7.5,.,.,.,.,.,.,.,.,.,.,.,.,.,.,.
Avengers: Endgame,2019,8,.,8.5,8,8,8.5,8,8,8,.,.,.,.,.,8.5,.,.,.
Long Shot,2019,7,.,7.5,7,7.5,.,.,.,.,.,.,.,.,.,.,.,9,.
John Wick 3,2019,8.5,.,8.5,8.5,8,.,7.5,9,9,.,7,.,.,.,7,.,.,.
Stan & Ollie,2018,7,.,.,.,7.5,.,.,.,.,.,.,.,.,.,.,.,.,.
The Upside,2017,.,.,.,.,.,7,.,.,8,.,.,.,.,.,.,.,.,.
Aladdin,2019,7.5,7.5,6,6,.,6.5,5,.,8,7,.,.,.,.,.,7.5,8,8
Rocketman,2019,6.5,7,6,.,.,.,7,.,.,.,.,.,.,.,.,.,.,.
Vice,2018,.,.,.,.,3,.,4.5,5,.,6,.,.,.,.,.,.,.,.
Vox Lux,2018,.,.,7.5,.,.,.,8,.,.,.,.,.,.,.,.,.,.,.
American Woman,2018,.,.,8,.,.,.,.,.,.,.,.,.,.,.,.,.,.,.
Booksmart,2019,.,.,7.5,.,.,.,5.5,.,.,.,.,.,.,.,.,.,.,.
Late Night,2019,5.5,5.5,6.5,.,.,.,.,.,.,.,.,.,.,.,.,.,.,.
MIB International,2019,.,.,.,.,.,4,.,.,.,.,.,.,.,.,.,.,.,.
Murder Mystery,2019,.,.,.,.,.,5,.,.,.,.,.,.,.,.,.,.,.,.
Always Be My Maybe,2019,.,.,7,.,.,6.5,.,7.5,7,.,.,.,.,.,.,.,.,.
The Highwaymen,2019,7,.,.,.,.,7,.,.,.,.,.,.,.,.,.,.,.,.
The Last Black Man in San Francisco,2019,.,.,6.5,.,8,7.5,.,.,.,.,.,.,.,.,.,.,.,.
Toy Story 4,2019,5,8.5,8,8,.,7.5,7,6,8,6.5,.,.,.,.,7.5,.,.,5
Yesterday,2019,6,6.5,5,.,6.5,7,.,7,8,.,.,.,.,.,8.5,.,.,.
Spiderman: Far From Home,2019,7,.,7.5,.,7,6.5,6,.,6,5,.,.,.,.,7,.,.,.
The Art of Self-Defense,2019,6,7,5.5,.,.,.,.,.,.,.,.,.,.,.,.,.,.,.
Midsommar,2019,.,.,8.5,9,8.5,.,8,.,.,.,.,.,.,.,6,.,7,.
The Farewell,2019,8,8.5,8.5,.,8,7.5,.,.,.,.,.,.,.,.,.,.,.,.
Apocalypto,2006,9.5,8.5,9,8.5,.,8,8,9,7,7.5,.,.,.,.,9.5,no,.,no
Lion King,2019,8.5,8,7.5,.,.,7,7,7,7,7.5,.,.,7.5,.,.,7,8,7.5
Kung Pow! Enter the Fist,2002,.,.,.,.,7,.,.,8.5,.,9,.,.,.,.,8,.,.,.
Bob Lazar: Area 51 & Flying Saucers,2018,.,.,.,.,.,.,.,5,.,5.5,.,.,.,.,.,.,.,.
Inglourious Basterds,2009,8,.,9,10,9,9.5,9,.,9,8,8,.,8.5,.,8,.,.,.
Once Upon a Time... in Hollywood,2019,8,7.5,9,9,9.5,9.5,9,.,5,7,.,.,.,.,8,.,9.5,.
Hobbs & Shaw,2019,4,.,3.5,.,.,3,.,5,.,.,.,.,.,.,5.5,.,.,.
Master and Commander,2003,9.5,.,9.5,9.5,7,9,7,.,.,.,8.5,.,.,.,7,.,.,.
Peanut Butter Falcon,2019,9,9,8.5,8.5,8,8.5,9,.,9,.,8.5,.,.,.,.,.,.,.
In Bruges,2008,8.5,.,8,8,.,7,9,.,.,8,.,.,.,.,.,.,.,.
Captain America: The First Avenger,2011,7,.,6.5,7,.,6,.,.,8,.,.,.,.,.,7,8,.,8
The Avengers,2012,6.5,.,7,8.5,7,6.5,.,7,8,.,.,.,.,.,7,.,.,.
Captain America: The Winter Soldier,2014,7,.,7.5,7,.,8,.,.,7,.,.,.,.,.,7,.,.,.
Avengers: Age of Ultron,2015,6,.,6,5,.,7,8,.,6,.,.,.,.,.,7,7,.,7.5
Captain America: Civil War,2016,.,.,8,8.5,.,8,7,.,7,.,.,.,.,.,7.5,.,.,.
Blinded by the Light,2019,.,.,7,.,8.5,.,8,.,.,.,.,.,.,.,.,.,.,.
300,2006,.,.,8,8,.,8,8,.,5,8,6.5,.,8.5,.,7,.,.,.
Ready or Not,2019,.,.,7.5,.,.,.,.,.,.,.,.,.,.,.,.,.,.,.
The Curious Case of Benjamin Button,2008,5,5.5,4,5,5,6.5,5,.,.,7,.,.,.,.,.,.,.,.
Instant Family,2018,7,.,7,.,.,7,8,8,6,.,.,.,.,.,.,.,.,.
IT: Chapter 2,2019,.,.,6,.,7,.,.,7.5,.,.,.,.,.,.,.,.,.,.
Hustlers,2019,.,.,6.5,.,.,.,5.5,.,.,.,.,.,.,.,6,.,.,.
Downton Abbey: the movie,2019,.,7,.,8,.,.,7,.,.,.,.,.,.,.,7,.,.,.
Tigers Are Not Afraid,2017,.,5,.,.,.,.,.,.,.,.,.,.,.,.,.,.,.,.
Official Secrets,2019,7.5,7.5,.,.,.,.,.,.,.,.,.,.,.,.,.,.,.,.
"Where鏆 You Go, Bernadette",2019,.,6.5,.,.,.,.,.,.,.,.,.,.,.,.,.,.,.,.
Dora and the Lost City of Gold,2019,.,6,.,.,.,.,.,.,.,.,.,.,.,.,.,.,.,.
Good Boys,2019,.,.,.,.,.,.,7.5,.,8.5,.,.,.,.,.,.,.,.,.
Ad Astra,2019,7.5,7.5,8,6,7,6,8,.,.,7.75,.,.,.,.,7,.,.,.
The Signal,2014,.,.,.,.,.,.,.,.,.,7.5,.,.,.,.,.,.,.,.
The Lobster,2015,.,.,5,.,6,.,6.5,.,.,7.5,.,.,.,.,.,.,.,.
Joker,2019,7.5,7.5,7.5,7,8.5,.,6,.,.,7,.,.,8.5,.,8.5,.,7,.
Diego Maradona,2019,9,.,9,.,.,.,.,.,.,.,.,.,.,.,.,.,.,.
El Camino,2019,7,7,8,8.5,6,8,7.5,.,.,8.5,7,.,7.5,.,.,.,.,.
Victoria,2015,.,.,8,8.5,.,.,.,.,.,.,.,.,.,.,.,.,.,.
Parasite,2019,9,9,9,9.5,9,9,8,.,9,9,.,.,.,.,8,.,8.5,.
The Lighthouse,2019,.,.,7,.,.,.,7,.,.,8.5,.,.,.,.,.,.,7,.
Gemini Man,2019,.,6,5,.,.,6,.,.,.,.,.,.,6.5,.,6,.,5,.
JoJo Rabbit,2019,9,9,7.5,9,8.5,8,8.5,.,10,7.5,9.5,.,.,.,9,.,.,8
Honeyboy,2019,7.5,7.5,8,.,8,.,.,.,.,.,.,.,.,.,.,.,8,.
The Endless,2017,.,.,.,.,.,.,.,.,.,7.5,.,.,.,.,.,.,.,.
The Irishman,2019,6,6,.,.,.,7,6,.,.,6,.,.,.,.,.,.,9,.
Ford v Ferrari,2019,8,8.5,7,7.5,7,8,8,9,7,8.5,.,.,.,.,.,8.5,9.5,8.5
Wild Rose,2019,8,.,8.5,.,.,.,.,.,.,.,.,.,.,.,.,.,.,.
Frozen II,2019,3,4,.,4,.,3,3,5,7,4.5,5,.,.,.,.,6,.,2.5
War Horse,2011,.,.,.,.,.,7.5,8,.,.,.,.,.,.,.,.,.,.,.
The Art of Racing in the Rain,2019,.,.,.,.,.,5,4,.,.,.,.,.,.,.,.,.,.,.
Knives Out,2019,8,6.5,8.5,9,8.5,9.5,9,.,8,8.75,7,.,9.5,.,8.5,.,7,7
Dark Waters,2019,7.5,7,7.5,.,8,.,.,.,.,.,.,.,.,.,.,.,.,.
Marriage Story,2019,7.5,.,7.5,.,7.5,.,7,.,7,.,.,.,.,.,.,.,9,.
Uncut Gems,2019,8.5,7.5,9,8.5,8.5,8,8,.,.,8.25,.,.,.,.,.,.,10,.
Star Wars: The Rise of Skywalker,2019,6,6.5,6,6.5,7,6,7,7,7,6,6.5,.,.,.,7.5,.,.,.
CATS,2019,.,4,.,.,.,.,5,.,.,.,.,.,.,.,.,.,.,.
Bombshell,2019,6.5,6,6.5,.,.,.,7,7,.,.,.,.,.,.,.,.,8.5,.
Jumanji: The Next Level,2019,.,.,5,.,.,6,5,5.5,5,6,.,.,.,.,.,.,.,.
A Beautiful Day in the Neighborhood,2019,8,8.5,8,7.5,8,6.5,7,.,.,.,7.5,.,.,.,.,.,.,.
Little Women,2019,8,9,8.5,9,9,8,9,.,.,NO,.,.,.,.,.,.,.,.
1917,2019,9,9,7,9,.,9.5,9,9.5,10,8.75,.,.,.,.,.,.,9.5,8
The Two Popes,2019,7.5,.,.,.,.,7.5,.,.,.,.,.,.,.,.,.,.,9.5,.
Anna,2019,.,.,6.5,.,.,.,.,9,9,.,.,.,.,.,.,.,.,.
Light of My Life,2019,7.5,8.5,.,.,.,.,.,.,.,.,.,.,.,.,.,.,.,.
The Queen,2006,8,.,7,.,.,.,.,.,.,.,.,.,.,.,.,.,.,.
Batman Begins,2005,8,8,9,9.5,9,9,9,8.5,9,8.5,.,.,.,.,9,7,9,8
Cinderella Man,2005,8.5,.,.,7.5,.,8,7,.,.,8,.,.,.,.,.,.,.,.
The 40-Year-Old Virgin,2005,8,.,9,9,9,7,9,.,8,6.5,7.5,.,.,.,7.5,.,.,.
Munich,2005,.,.,.,7.5,.,8,7,.,.,.,.,.,.,.,.,.,.,.
King Kong,2005,7.5,7,7.5,8,.,5,.,7,.,7,.,.,.,.,.,.,9,.
Walk the Line,2005,7.5,7.5,8,9,8,7,7.5,8,7,7.5,.,.,.,.,6.5,.,.,.
Kingdom of Heaven,2005,9,.,8,.,.,7,.,.,.,.,.,.,.,.,7,.,.,.
The Prestige,2006,7.5,.,8,9.5,9,9.5,8.5,.,.,6.5,.,.,9.5,.,9.5,.,.,.
The Departed,2006,9,9,9,9.5,8,9.5,8.5,8,8,8.5,9,.,.,.,9,.,8,.
Blood Diamond,2006,7,.,.,7,.,7,.,7.5,.,7,7.5,.,.,.,.,.,.,.
Little Miss Sunshine,2006,8.5,8,8.5,8.5,8,.,8,.,7,7.5,.,.,.,.,8,.,.,.
Letters from Iwo Jima,2006,.,.,.,.,.,7,.,.,.,.,.,.,.,.,.,.,.,.
The Illusionist,2006,9,.,7.5,7.5,7,7.5,.,.,.,8.75,.,.,.,.,.,.,.,.
Stranger Than Fiction,2006,7.5,.,7.5,8,8,8,8,7,.,8,.,.,.,.,7.5,.,.,.
The Da Vinci Code,2006,6,7,5.5,5,6,6,5,7,7,6,.,.,.,.,7,.,7,.
There Will Be Blood,2007,8.5,7.5,10,10,10,8.5,9,.,9,9,8,.,.,.,8,.,8,.
No Country for Old Men,2007,7.5,No,9,9,10,10,8.5,.,8,9.5,.,.,.,.,7.5,.,9.5,.
Juno,2007,6.5,.,7.5,7.5,7,7,8,8,8,6,7.5,.,.,.,7.5,.,.,.
I Am Legend,2007,7.5,7.5,7,7,7,6,6.5,8,.,7.5,8,.,.,.,7,.,.,.
The Dark Knight,2008,10,8.5,8.5,9.5,8.5,9,9,9,9,9,8,.,.,.,8,.,.,10
Wall-E,2008,8,8,9,8,9,8,9,8,8,9.5,.,.,9,.,8,.,.,.
Gran Torino,2008,7,.,.,5,.,7,6.5,.,.,7,8,.,.,.,7,.,.,.
Australia,2008,6.5,7.5,5,8,7,7,5,.,.,.,.,.,.,.,7,.,.,.
Slumdog Millionaire,2008,9,8,9,9,8,8,9,9,8,9,8.5,.,.,.,7,.,9.5,.
Iron Man,2008,8,8,8,8.5,8.5,8.5,9,8,8,7,.,.,8,.,.,.,.,.
Avatar,2009,7.5,7.5,8,8,6,7,8,7.5,7,8,7.5,.,.,.,7.5,.,.,9
The Blind Side,2009,7,.,7,7,7,6.5,6,7,6,.,8,.,.,.,.,.,8,.
Up,2009,7.5,.,8,7.5,9,8,8.5,7.5,8,8.5,7.5,.,.,.,8,.,.,.
Up In The Air,2009,7.5,.,8,8,8,7,9,.,6,.,.,.,.,.,.,.,.,.
Sherlock Holmes,2009,7.5,7.5,6.5,6,6,6,6,7.5,8,.,.,.,.,.,7,.,.,.
Inception,2010,8.5,9,8,8.5,7.5,8.5,9,9,7,8,8.5,.,10,.,9,.,7,.
The King's Speech,2010,8,9,7.5,8.5,9,7,7,8,6,8,8,.,.,.,8,.,7.5,.
Tangled,2010,6.5,7,7,8,.,7.5,7,8,8,6,8,.,9,.,7,.,.,.
127 Hours,2010,8,6,8.5,8.5,8,.,7,8,7,8.5,.,.,.,.,.,.,.,.
The Town,2010,7.5,.,7,7,.,.,8,.,.,7,.,.,.,.,.,.,.,.
Inside Job,2010,9,.,8.5,8.5,8.5,.,.,.,.,.,.,.,.,.,.,.,.,.
Get Low,2010,7.5,7.5,.,.,.,.,.,.,.,.,.,.,.,.,7,.,.,.
The Descendants,2011,7.5,.,8,7.5,7.5,8,8.5,.,.,8,.,.,.,.,.,.,.,.
Hugo,2011,7,.,.,5.5,.,7,6,.,6,6.5,.,.,.,.,.,6.5,.,8
Super 8,2011,7,.,5.5,6.5,5,7,6,7,.,7,.,.,.,.,9,.,.,.
The Help,2011,8,8,7,.,.,7,.,8,7,.,.,.,.,.,8,.,.,.
The Artist,2011,8,8,7,7,7.5,7,8,.,.,.,.,.,.,.,.,.,7,.
Moneyball,2011,7.5,8,8,9.5,9.5,7.5,8,8,7,7,.,.,.,.,7,.,10,.
Midnight in Paris,2011,8,.,8.5,8,10,.,9,.,6,.,.,.,.,.,9,.,.,.
The Dark Knight Rises,2012,8.5,.,6.5,6,6,7,7,8,9,8.5,.,.,.,.,7.5,.,.,7
Silver Linings Playbook,2012,8,7,8.5,7.5,8,8,8,8,6,7,.,.,7.5,.,.,.,.,.
The Hunger Games,2012,5,7.5,5.5,6.5,.,7,6,7,6,5.5,7.5,.,.,.,8,8,.,8
American Hustle,2013,.,.,6,7,7,7,6,5.5,.,.,.,.,.,.,.,.,.,.
Dallas Buyers Club,2013,.,.,7.5,7,.,.,7,.,7,.,.,.,7,.,.,.,.,.
Enough Said,2013,8,8,7.5,8,.,.,.,.,-,.,.,.,.,.,.,.,.,.
Gone Girl,2014,7.5,7,8,9,7,8,7.5,.,7,.,6.5,.,.,.,.,.,.,.
Eternal Sunshine of the Spotless Mind,2004,8.5,8,8.5,9.5,10,.,8.5,.,7,7,.,.,7.5,.,10,.,.,.
The Terminal,2004,6,6.5,6,6.5,6,6,6,.,.,6.5,.,.,7,.,.,.,6,.
Sideways,2004,9.5,9,9,7.5,7,7,9,.,8,8,.,.,.,.,.,no,.,no
Collateral,2004,7.5,.,8.5,8.5,8.5,8,9,.,.,.,.,.,.,.,.,.,.,.
Hotel Rwanda,2004,8,.,.,7.5,.,7.5,8,8.5,.,.,.,.,.,.,.,.,.,.
The Passion of the Christ,2004,7.5,.,7.5,7.5,.,7,.,.,.,.,.,.,.,.,8.5,.,.,.
Ray,2004,7,7,.,.,7,7,.,.,.,7.25,.,.,.,.,.,.,.,.
The Aviator,2004,7.5,8,7.5,8,8,9,8,8,.,7.5,.,.,.,.,7,.,9,.
Millions,2004,8,.,.,8,.,7,7.5,.,.,.,.,.,.,.,.,.,.,.
Big Fish,2003,8,8,7,5.5,6.5,7,8,7,7,7,.,.,.,.,8.5,.,.,.
School of Rock,2003,7.5,.,9,8.5,8,7,8,9,7,9,8.5,.,.,.,8,.,.,.
Open Range,2003,8,.,.,.,.,.,.,.,.,.,.,.,.,.,.,.,.,.
Gangs of New York,2002,9.5,8,8,8,.,8,7.5,7,8,8,.,.,.,.,8,.,.,.
Just Mercy,2020,7.5,7.5,.,.,.,7.5,.,.,8,.,.,.,.,.,.,.,.,.
The Aeronauts,2019,.,.,.,.,.,6,.,.,.,.,.,.,.,.,.,.,.,.
Minority Report,2002,8.5,9,9,9.5,9,8.5,9,8.5,.,8,5,.,9,.,7.5,.,.,.
Catch Me If You Can,2002,8,8.5,8,8,8,8,9,8.5,7,8,7,.,8,.,7,7.5,8,8
The Hours,2002,.,.,.,.,.,6,.,.,.,9.5,.,.,.,.,.,.,.,.
Harold & Kumar Go to White Castle,2004,5.5,.,7,.,.,.,8,.,6,8,.,.,.,.,.,.,.,.
Idiocracy,2006,7,.,7,.,.,.,7,8,8,8.5,.,.,.,.,6.5,.,.,.
The Truman Show,1998,8.5,9.5,8,9.5,.,8,9,8.5,7,10,.,.,.,.,9,7.5,8,8
The Matrix,1999,10,9,10,9.5,10,10,9,10,6,10,8.5,.,.,.,9.5,7,.,8.5
Fight Club,1999,8.5,.,10,8.5,9.5,9,10,9,8,10,8.5,.,.,.,9.5,.,.,.
Indiana Jones and the Kingdom of the Crystal Skull,2008,4,7.5,3,3,2,4,5,6,1,5,.,.,6,.,7.5,5.5,.,6.5
A.I. Artificial Intelligence,2001,6,8,6,6,.,6.5,8,6,5,6,.,.,7,.,.,.,.,.
War of the Worlds,2005,.,.,6,6,4,7,8,.,.,.,.,.,1,.,.,.,.,.
The Adventures of Tintin,2011,.,.,.,.,.,7,4,.,.,.,.,.,.,.,.,.,.,.
Lincoln,2012,7.5,8,.,5,.,7,8,.,7,.,.,.,.,.,7,.,.,.
The Hateful Eight,2015,5,.,7,8,8,5,7,6,.,.,9,.,.,.,7.5,.,9.5,.
Kill Bill: Vol 1,2003,.,.,8,6,6,8,7,.,7,7,8,.,8,.,8,.,.,.
Kill Bill: Vol 2,2004,.,.,7,6,6,7,7,.,7,7,.,.,8,.,8,.,.,.
Back to the Future,1985,10,10,10,10,10,10,10,10,9,10,9,.,.,.,10,9,9.5,9.5
Saving Private Ryan,1998,9.5,9,8.5,8,8,9.5,9,9,10,8,9,.,9,.,.,no,.,9
The Gentlemen,2020,6.5,6.5,8,8.5,.,.,8,.,.,.,.,.,.,.,.,.,.,.
Pure Luck,1991,6,7,7,.,.,.,8,7,7,7.75,.,.,.,.,.,7.5,.,7.5
The Sixth Sense,1999,10,10,10,10,9,9,9,9,9,9,9,.,.,.,9,7.5,8,8
One Child Nation,2019,7,7,.,.,.,.,7,.,.,.,.,.,.,.,.,.,9,.
Bad Boys for Life,2020,4,5,5,.,.,.,.,5.5,.,.,.,.,.,.,.,.,.,.
The Photograph,2020,.,5,5.5,.,.,.,.,.,.,.,.,.,.,.,.,.,.,.
Sonic the Hedgehog,2020,.,6.5,6,.,.,6.5,.,7.5,4,.,.,.,.,.,.,.,.,.
American Psycho,2000,.,.,8.5,.,.,.,8.5,.,.,.,.,.,.,.,7.5,.,5.5,.
Portrait of a Lady on Fire,2019,8,.,8.5,.,.,.,.,.,.,.,.,.,.,.,.,.,.,.
Harriet,2020,6,.,.,.,.,.,.,.,8,.,.,.,.,.,.,.,.,.
Maiden,2018,.,.,.,9.5,.,.,.,.,.,.,.,.,.,.,.,.,.,.
Rescue Dawn,2006,9,9,8,.,.,.,.,.,.,.,.,.,.,.,.,.,.,.
The King of Kong: A Fistful of Quarters,2007,9,7.5,9,9,.,8,9,.,.,7.5,.,.,.,.,9,.,.,.
New York Doll,2005,8,7,8,8,.,8,9,7.5,.,7,.,.,.,.,.,.,.,.
The Invisible Man,2020,7.5,.,8,.,.,.,.,.,.,.,.,.,.,.,.,.,7,.
Emma,2020,7,8,7.5,.,.,.,7.5,.,.,.,.,.,.,.,.,.,.,.
Ferris Bueller's Day Off,1986,9,10,9.5,9.5,.,10,9.5,9,9,9.5,9.5,.,.,.,8.5,9,.,9
Old School,2003,7,.,8,8.5,.,7,8,.,7,6,.,.,.,.,7.5,.,.,.
Anchorman: The Legend of Ron Burgundy,2004,9,8,9.5,7.5,.,6,9,7,8,8,.,.,.,.,9,.,.,.
Anchorman 2: The Legend Continues,2013,5.5,6.5,6,6.5,.,.,6,.,4,6,.,.,.,.,5,.,.,.
Elf,2003,6.5,8,8.5,8.5,.,5,8.5,8,8,7.5,7,.,9.5,.,7.5,8.5,.,8
Shrek,2001,9,9,8,8,.,7,7,7,4,7,7.5,.,.,.,7,10,.,10
Mulholland Drive,2001,5.5,.,.,.,.,.,8,.,.,8.25,.,.,.,.,7.5,.,7,.
A Beautiful Mind,2001,8,8,7.5,7.5,.,7,7,8,7,7.5,8,.,.,.,7,.,8.5,.
Ocean's 11,2001,8,8,9,9,.,7.5,9,8.5,8,8,.,.,.,.,7,.,9,.
Black Hawk Down,2001,7.5,7,7,7.5,.,7.5,7,.,6,7,.,.,.,.,.,.,.,.
The Others,2001,8,.,8,7.5,.,7,7,.,.,.,.,.,.,.,7.5,.,8.5,.
The Royal Tenenbaums,2001,7.5,.,9.5,7,.,7,9.5,7,7,7.5,.,.,.,.,8.5,.,.,.
Training Day,2001,9,9,9.5,9.5,.,9,9,.,7,7.5,7,.,.,.,8,.,9,.
Legally Blonde,2001,7.5,8,8,8,.,4,7,7.5,6,7.5,.,.,.,.,.,7,8.5,.
Am幨ie,2001,8,.,8,9.5,.,.,7,.,8,.,.,.,.,.,8.5,.,.,.
Zoolander,2001,7,8,7,6.5,.,7,8,7,6,8,6,.,.,.,7,.,7,.
"Crouching Tiger, Hidden Dragon",2000,8.5,7.5,8.5,8,.,9.5,8,7,8,.,8,.,.,.,8,.,.,.
The Ring,2002,8,7.5,8.5,7.5,.,6.5,7,7.5,.,8,6.5,.,.,.,7.5,.,8,.
The Count of Monte Cristo,2002,7.5,7.5,6.5,7.5,.,7.5,6,.,6,.,6.5,.,.,.,9,7.5,.,.
About a Boy,2002,8,8,8,8.5,.,.,8.5,8,7,8,.,.,.,.,.,.,.,.
My Big Fat Greek Wedding,2002,7.5,7,6.5,7.5,.,7.5,7,8,8,8,7.5,.,.,.,7,.,.,.
Chicago,2002,6.5,7,6,6,.,.,4,.,.,7.5,.,.,.,.,.,.,.,.
We Were Soldiers,2002,6.5,7,.,.,.,7.5,6,.,.,.,.,.,.,.,7.5,.,.,.
Jackass: The Movie,2002,7.5,.,8.5,8.5,.,.,8.5,.,9,.,.,.,.,.,7,.,.,.
The Whale Rider,2002,7.5,7,7.5,7,.,.,8,.,6,.,7,.,.,.,.,.,.,.
Fever Pitch,2005,7.5,7,7,7,.,7,8,7,7,7,7,.,.,.,.,.,.,.
Grizzly Man,2005,9,7,8,8,.,8.5,7.5,.,.,8,.,.,.,.,.,.,.,.
The Island,2005,6,7,7,.,.,.,7.5,6,.,6.5,.,.,.,.,7.5,.,.,.
March of the Penguins,2005,8.5,7,8,7.5,.,.,8,.,.,.,8,.,.,.,.,.,.,.
Night at the Museum,2006,7,7.5,7,.,.,6,7,7,7,7,6,.,.,.,6,.,.,.
The Devil Wears Prada,2006,8,8,8,8,.,7,7.5,7.5,6,7,.,.,.,.,.,.,8.5,.
Rocky Balboa,2006,6.5,7,7,7.5,.,7,.,.,.,.,.,.,.,.,6,.,.,.
United 93,2006,8,7.5,.,8.5,.,7.5,6,8.5,.,.,.,.,.,.,.,.,.,.
The Last King of Scotland,2006,8,.,.,.,.,.,.,.,.,.,.,.,.,.,.,.,9,.
We Are Marshall,2006,7,.,7.5,.,.,.,7,.,6,.,.,.,.,.,.,.,.,.
An Inconvenient Truth,2006,.,.,.,.,.,.,.,.,.,6,.,.,.,.,.,.,.,.
Lady in the Water,2006,5.5,6,.,5,.,.,.,5,.,6,.,.,.,.,.,.,.,.
The Break-Up,2006,6,6,6.5,6.5,.,7.5,.,5.5,6,.,6,.,.,.,.,.,.,.
Into The Wild,2007,6.5,.,7.5,6.5,.,.,5.5,.,7,7,7,.,.,.,.,.,.,.
The Kite Runner,2007,8,7.5,.,.,.,8.5,.,8,7,7,.,.,.,.,.,.,.,.
Blades of Glory,2007,7,7.5,7,7,.,7,8,.,.,7,.,.,.,.,7,.,.,.
Charlie Wilson's War,2007,.,.,.,.,.,7,.,.,7,.,.,.,.,.,.,.,.,.
Step Brothers,2008,.,.,8,8.5,.,.,8.5,.,9,7,.,.,.,.,6.5,.,.,.
Pineapple Express,2008,.,.,7.5,8.5,.,.,8,.,7,.,.,.,.,.,6,.,.,.
Cloverfield,2008,6.5,.,6.5,8,.,7,6,7,.,.,7,.,.,.,8.5,.,.,.
Valkyrie,2008,8,.,7.5,7.5,.,9,.,.,.,.,.,.,.,.,.,.,.,.
Man on Wire,2008,8.5,7,8,8.5,.,.,7,.,.,7,.,.,.,.,.,.,9.5,.
The Cove,2008,8.5,7,8,5.5,.,.,6,.,.,.,.,.,.,.,.,.,.,.
Religulous,2008,6.5,.,.,.,.,.,5,.,.,6,.,.,.,.,.,.,.,.
W.,2008,.,.,7.5,.,.,.,8,.,.,.,.,.,.,.,.,.,.,.
Fantastic Mr. Fox,2009,8,8.5,8,.,.,.,9,.,.,.,7.5,.,.,.,8,7,.,7
A Christmas Carol,2009,6,.,.,.,.,.,.,.,6,.,.,.,.,.,.,.,.,.
"I Love You, Man",2009,.,.,7.5,7.5,.,.,8.5,.,7,6.5,.,.,.,.,.,.,.,.
Public Enemies,2009,.,.,.,.,.,.,.,.,.,.,.,.,.,.,.,.,.,.
Where the Wild Things Are,2009,5,.,5.5,5,.,6,7,.,.,.,.,.,.,.,7.5,.,.,.
The Princess and the Frog,2009,7,8,.,.,.,7.5,.,7.5,6,7,.,.,.,.,7.5,.,.,.
Big Fan,2009,7.5,.,7.5,.,.,.,8,.,.,.,.,.,.,.,.,.,.,.
Invictus,2009,7.5,.,.,.,.,.,.,7.5,.,.,.,.,.,.,.,.,.,.
Free State of Jones,2016,7.5,.,.,.,.,7,.,.,.,.,.,.,.,.,6.5,.,.,.
The Way Back,2020,.,.,7.5,.,.,.,7,.,.,7,.,.,.,.,.,.,.,.
The Hunt,2020,.,.,6.5,.,.,.,.,.,.,.,.,.,.,.,7,.,.,.
Cast Away,2000,9,9,8.5,9,.,9,9,9,8,9,9,.,8,.,9.5,.,9,.
Rounders,1998,8,.,8.5,8.5,.,7.5,8,.,6,.,.,.,.,.,.,.,.,.
Despicable Me,2010,7,.,.,.,.,7.5,7,8.5,8,.,7.5,.,.,.,7,7.5,.,7
The Fighter,2010,.,.,6,7,.,.,,.,.,.,.,.,.,.,.,.,.,.
Winter's Bone,2010,.,.,7.5,7,.,.,8.5,.,.,.,.,.,.,.,.,.,.,.
The Kids Are All Right,2010,.,.,7,8.5,.,.,8,.,.,.,.,.,.,.,.,.,.,.
Robin Hood,2010,7,.,.,.,.,.,.,.,.,.,.,.,.,.,.,.,.,.
Date Night,2010,.,.,6.5,.,.,.,.,7,7,6.5,6.5,.,.,.,7,.,.,.
Thor,2011,.,.,5.5,7,.,6,6,.,.,.,.,.,.,.,6,.,.,.
Bridesmaids,2011,.,.,7.5,9,.,.,8,.,8,7,.,.,.,.,.,.,.,.
Rango,2011,7.5,.,7,.,.,6,6,.,.,.,.,.,.,.,7,.,.,.
Contagion,2011,7.5,.,8,8,.,6.5,.,7,.,.,.,.,.,.,.,.,.,.
Life of Pi,2012,.,.,6.5,6.5,.,8.5,7,.,7,6.5,.,.,.,.,.,.,.,.
Robot & Frank,2012,7,.,7,.,.,.,7,.,.,.,.,.,.,.,.,.,.,.
Mud,2012,7.5,7,.,6.5,.,7.5,7.5,7.5,.,.,.,.,.,.,.,.,.,.
Jiro Dreams of Sushi,2012,8,8,.,8.5,.,.,8,.,9,7,.,.,.,.,.,.,9,.
The Great Gatsby,2013,.,.,.,6.5,.,7,8,.,5,.,.,.,.,.,.,.,8,.
Saving Mr. Banks,2013,7,.,6.5,7.5,.,7.5,6,.,7,.,.,.,.,.,.,.,.,.
Inside Llewyn Davis,2013,8,.,8,.,.,.,7.5,.,.,.,.,.,.,.,9,.,.,.
Blackfish,2013,5,.,.,7,.,.,.,5.5,.,6,.,.,.,.,.,.,.,.
The Lincoln Lawyer,2011,.,.,7.5,8,.,7,7,.,6,.,.,.,.,.,.,.,8,.
Spenser Confidential,2020,.,.,.,.,.,.,.,.,.,.,.,.,.,.,.,.,5,.
Onward,2020,5,7,7,.,.,.,5.5,6.5,8,5.5,.,.,.,.,.,7,8.5,7
The Last Thing He Wanted,2020,.,.,.,.,.,.,.,.,.,.,.,.,.,.,.,.,4,.
Birds of Prey,2020,.,.,6,.,.,.,7,.,.,.,.,.,.,.,.,.,7,.
American Factory,2019,.,.,.,7.5,.,.,.,.,.,.,.,.,.,.,.,.,8,.
The Rhythm Section,2020,.,.,.,.,.,.,.,.,.,.,.,.,.,.,.,.,4,.
Judy,2019,.,.,5.5,.,.,.,7,.,.,.,.,.,.,.,.,.,8,.
Horse Girl,2020,.,.,.,.,.,.,7.5,.,.,.,.,.,.,.,.,.,5,.
Miss Americana,2020,.,.,5,.,.,.,.,.,.,.,.,.,.,.,.,.,8,.
Shanghai Noon,2000,7.5,7.5,.,8,.,7,.,.,7,.,.,.,.,.,7,.,.,.
The Platform (El hoyo),2019,.,.,7.5,.,.,.,.,.,.,.,.,.,.,.,.,.,.,.
Traffic,2000,9,.,9,8.5,.,7.5,8.5,8,.,.,9,.,.,.,.,.,.,.
The Shawshank Redemption,1994,10,10,10,9,.,10,10,10,10,10,10,.,9,9,9,no,.,no
Casino Royale,2006,7.5,.,8,8,.,8,8,7.5,.,.,8,.,.,.,.,.,10,.
Quantum of Solace,2008,.,.,5.5,6,.,6.5,7,.,.,.,7,.,.,.,.,.,.,.
Skyfall,2012,.,.,8,8.5,.,7,8,.,.,.,7.5,.,.,.,.,.,.,.
Spectre,2015,.,.,5,6,.,7,6.5,6,.,.,7.5,.,.,.,.,.,.,.
Green Room,2015,.,.,8,.,.,.,.,.,.,.,.,.,.,.,.,.,.,.
Togo,2019,7.5,.,.,.,.,.,.,.,.,.,.,.,.,.,.,8,.,8
Trolls World Tour,2020,4,5.5,.,.,.,.,5,6,2,.,5,.,.,.,.,4,.,3
A Fortunate Man,2018,7,.,.,.,.,.,.,.,.,.,.,.,.,.,.,.,.,.
Babel,2006,6,6,7,6.5,.,7,8,.,.,.,.,.,.,.,9,.,.,.
Okja,2017,7,.,.,.,.,6.5,6,.,.,.,.,.,.,.,.,.,.,.
Dragged Across Concrete,2018,.,.,.,.,.,7.5,.,7.5,.,.,.,.,.,.,.,.,.,.
High Fidelity,2000,9,8.5,9,8.5,.,7.5,8.5,.,7,7.5,8.5,.,.,.,7.5,.,.,.
The Lovebirds,2020,.,.,6,.,.,.,.,.,.,.,.,.,.,.,.,.,.,.
Midway,2019,.,.,.,.,.,7,.,.,.,.,.,.,.,.,.,.,.,.
Scoob,2020,.,.,.,.,.,.,.,4.5,.,.,.,.,.,.,.,.,.,.
Dolemite Is My Name,2019,.,.,.,.,.,.,.,8,.,.,.,.,.,.,.,.,.,.
Les Miserables,2012,4.5,.,.,6.5,.,6.5,6,7.5,8,.,.,.,.,.,.,.,.,.
The Purge,2013,.,.,6.5,.,.,.,.,.,.,6,.,.,.,.,.,.,.,.
Da 5 Bloods,2020,.,.,7,.,.,.,6.5,.,.,.,.,.,.,.,.,.,.,.
The King of Staten Island,2020,.,.,7.5,.,.,.,6,.,8,.,.,.,.,.,.,.,.,.
Call of the Wild,2020,.,.,.,.,.,7,.,6,.,.,.,.,.,.,.,.,.,.
The Vast of Night,2020,.,.,6.5,7.5,.,.,8,.,.,.,.,.,.,.,.,.,.,.
The Death of Stalin,2017,.,.,8,.,.,.,.,.,8,.,.,.,.,.,.,.,.,.
Eurovision Song Contest,2020,5.5,6,7.5,.,.,.,7,.,5,.,.,.,.,.,.,.,.,.
Never Rarely Sometimes Always,2020,7,.,8,.,.,.,.,.,.,.,.,.,.,.,.,.,.,.
Swingers,1996,10,9,10,10,.,9,10,8,7,8.75,8.55,.,.,.,7.5,no,.,.
Palm Springs,2020,9,7,9,8.5,.,8.5,10,.,9,7.75,9,.,.,.,.,.,.,.
A Man Called Ove,2015,7,7.5,.,.,.,.,7.5,.,.,.,.,.,.,.,.,.,.,.
The Old Guard,2020,.,.,7,.,.,.,8,.,.,.,.,.,.,.,.,.,.,.
Out of Sight,1998,.,.,10,9,.,8,9.5,.,.,.,.,.,.,.,.,.,.,.
Scott Pilgrim vs. The World,2010,.,.,9.5,9,.,7.5,8,7.5,8,7.25,.,.,.,.,8,.,.,.
I used to go here,2020,.,.,5,.,.,.,7.5,.,.,.,.,.,.,.,.,.,.,.
True History of the Kelly Gang,2019,.,.,6,.,.,.,.,.,.,.,.,.,.,.,.,.,.,.
Bill & Ted Face the Music,2020,.,.,6.5,.,.,.,7,6,.,5.5,.,.,.,.,.,.,.,.
Mulan,2020,5,6,.,6,.,6,6,6,7,6.5,.,.,.,.,.,6,.,6.5
In the Heart of the Sea,2015,7.5,.,.,.,.,.,.,8,.,.,.,.,.,.,.,.,.,.
Tenet,2020,6,7,7.5,8.5,.,7.5,6,7.5,.,7,.,.,9,.,8,.,.,.
"The King (2019, Netflix)",2019,7.5,.,.,.,.,8,.,.,.,.,.,.,.,.,.,.,.,.
Inherent Vice,2014,.,.,7.5,.,.,.,5,.,.,.,.,.,.,.,.,.,.,.
Infidel,2019,6,6,.,.,.,.,.,.,.,.,.,.,.,.,.,.,.,.
Richard Jewell,2019,7,7,.,.,.,6.5,.,8,.,.,.,.,.,.,.,.,.,.
I'm Thinking of Ending Things,2020,.,.,8.5,.,.,.,7,.,.,.,.,.,.,.,.,.,.,.
Under the Silver Lake,2018,.,.,7,.,.,.,9,.,.,.,.,.,.,.,.,.,.,.
On The Rocks,2020,7,7,8,.,.,.,8,.,.,.,.,.,.,.,.,.,.,.
First Cow,2020,8,7,8.5,8.5,.,.,.,.,.,.,.,.,.,.,.,.,.,.
Synchronic,2019,7,6.5,6,.,.,.,.,.,.,.,.,.,.,.,.,.,.,.
Kajillionaire,2020,.,.,8,.,.,.,6,.,.,.,.,.,.,.,.,.,.,.
Possessor,2020,.,.,8,.,.,.,.,.,.,.,.,.,.,.,.,.,.,.
Let Him Go,2020,7.5,8,7.5,.,.,.,.,.,.,.,.,.,.,.,.,.,.,.
Black Bear,2020,.,.,8.5,8.5,.,.,7,.,.,.,.,.,.,.,.,.,.,.
Freaky,2020,.,.,5.5,.,.,.,.,.,.,.,.,.,.,.,.,.,.,.
News of the World,2020,6,6.5,6.5,.,.,.,6,.,.,.,.,.,.,.,.,.,.,.
The Midnight Sky,2020,5,6,.,.,.,5,.,.,.,.,.,.,.,.,.,.,.,.
WW84,2020,.,.,6.5,7,.,6.5,6,.,3,.,.,.,.,.,.,.,.,.
Soul,2020,7,7,8,8,.,7.5,9,.,8,.,7.5,.,.,.,.,7.5,.,7.5
The Assistant,2019,.,.,7.5,.,.,.,8.5,.,.,.,.,.,.,.,.,.,.,.
Once,2007,8,7.5,8.5,8,.,.,8,.,.,.,.,.,.,.,.,.,.,.
The Nest,2020,.,.,8,.,.,.,.,.,.,.,.,.,.,.,.,.,.,.
Promising Young Woman,2020,7.5,6.5,7.5,.,.,.,7,.,.,.,.,.,.,.,.,.,.,.
Shithouse,2020,.,.,8,.,.,.,.,.,.,.,.,.,.,.,.,.,.,.
the little things,2021,.,.,4,.,.,.,.,.,.,.,.,.,.,.,.,.,.,.
The Dig,2021,5.5,6.5,.,.,.,6.5,.,.,.,.,.,.,7.5,7.5,.,.,.,.
Antebellum,2020,.,.,.,.,.,.,.,.,.,.,.,.,.,.,7.5,.,.,.
Enola Holmes,2020,.,.,.,.,.,6,.,.,.,.,.,.,.,.,.,.,.,.
Judas and the Black Messiah,2021,7.5,6.5,7.5,8,.,.,7,.,.,.,.,.,.,.,.,.,.,.
The Professor and The Madman,2019,.,.,.,.,.,7,.,.,.,.,.,.,.,.,.,.,.,.
Nomadland,2021,7.5,7.5,8.5,7.5,.,.,6,.,.,.,.,.,.,.,.,.,.,.
Coming 2 America,2021,.,.,4.5,.,.,.,5,.,.,.,.,.,.,.,.,.,.,.
Raya and the Last Dragon,2021,5.5,6,.,6,.,6,7,.,7,.,.,.,.,.,.,.,.,.
Another Round,2020,.,.,8.5,9,.,.,.,.,.,.,.,.,.,.,.,.,.,.
Minari,2020,.,.,8.5,9.5,.,.,.,.,.,.,.,.,.,.,.,.,.,.
Zach Snyder's Justice League,2021,.,.,8,9,.,.,9,.,.,.,.,.,.,.,.,.,.,.
Honest Thief,2020,.,.,.,.,.,5,.,.,.,.,.,.,.,.,.,.,.,.
Nobody,2021,7.5,.,7.5,8,.,.,7,.,9,7.75,.,.,.,.,8,.,6,.
Bad Trip,2021,.,.,8,.,.,.,,.,.,.,.,.,.,.,.,.,.,.
The Father,2020,8,7.5,9,.,.,.,.,.,.,.,.,.,.,.,.,.,.,.
Godzilla vs. Kong,2021,.,.,5,5.5,.,.,7,5.5,.,.,.,.,.,.,.,.,.,.
LOTR: The Fellowship of the Ring,2001,9.5,8,9,9.5,.,9.5,9,8,1,9,8.5,.,.,.,10,8,9.5,8.5
LOTR: The Two Towers,2002,8,7,8,8,.,9,7.5,7,1,9,8,.,.,.,9.5,7,8,8
LOTR: The Return of the King,2003,9,8,8.5,9,.,9,9,9,1,9.5,8.5,.,.,.,10,8,9,9
Voyagers,2021,.,.,5,.,.,.,.,.,.,.,.,.,.,.,.,.,.,.
The Courier,2021,.,.,8,.,.,.,.,.,.,.,.,.,.,.,.,.,.,.
White Tiger,2021,6.5,.,.,.,.,.,.,.,.,.,.,.,.,.,.,.,.,.
Charlie's Angels,2019,.,.,.,.,.,.,4,.,.,.,.,.,.,.,.,.,.,.
Mortal Kombat,2021,.,.,5,.,.,.,.,.,.,.,.,.,.,.,.,.,.,.
Together Together,2021,.,.,7.5,.,.,.,.,.,.,.,.,.,.,.,.,.,.,.
The Dawn Wall,2017,8,.,.,.,.,.,.,.,.,8,.,.,.,.,.,.,.,.
Mission: Impossible - Ghost Protocol,2011,7.5,.,8,8,.,7,7.5,7.5,.,.,.,.,.,.,.,.,.,.
Wrath of Man,2021,.,.,7.5,.,.,.,.,.,.,.,.,.,.,.,.,.,.,.
Army of the Dead,2021,.,.,5.5,.,.,.,.,.,.,.,.,.,.,.,.,.,.,.
A Quiet Place II,2021,8,7,8,.,.,8,.,8,.,8,.,.,.,.,8,8,.,8.5
Cruella,2021,.,.,7.5,8.5,.,7,8,8,8,7,.,.,.,.,.,.,.,
In the Heights,2021,8.5,8,8.5,.,.,7.5,7,6,6,.,.,.,.,.,.,9,8.5,8
The Hitman's Wife's Bodyguard,2021,.,.,4.5,.,.,.,5,5.5,.,.,.,.,.,.,.,.,.,.
F9,2021,2.5,6,4.5,5,.,.,.,.,.,.,6,.,.,.,5.5,.,.,.
Fast Five,2011,7,.,9,9,.,.,9,.,.,.,8,.,.,.,5,.,.,.
The Fast and the Furious,2001,5.5,.,7.5,7.5,.,.,6,.,.,.,7.5,.,.,.,5,.,.,.
No Sudden Move,2021,.,.,8,7.5,.,.,7,.,.,.,.,.,.,.,.,.,.,.
Zola,2021,.,.,7.5,.,.,.,.,.,.,.,.,.,.,.,.,.,.,.
Black Widow,2021,4,4,6,.,.,7,6,4,6,.,.,.,.,.,.,6,.,7
Old,2021,7,7,6.5,7.5,.,6,6.5,.,.,.,.,.,.,.,6.5,.,.,.
Star Trek,2009,7,7.5,.,8,.,.,6,.,.,.,7,.,.,.,8,7,.,7.5
The Green Knight,2021,2.5,2,.,.,.,.,3,.,.,.,.,.,.,.,7,.,7,.
Stillwater,2021,.,.,7,.,.,.,5,.,.,.,.,.,.,.,.,.,.,.
The Suicide Squad,2021,.,.,8,8,.,.,8.5,.,8,.,.,.,.,.,.,.,.,.
Free Guy,2021,8,8,6,.,.,7,8,9,8.5,.,.,.,.,.,7,8.5,.,8.5
Shang-Chi,2021,7,8.5,7.5,9,.,7.5,8.5,.,8,.,.,.,.,.,.,.,.,8
Children of Men,2006,.,.,8.5,8.5,.,.,.,.,.,.,.,.,.,.,8,.,.,.
The Eyes of Tammy Faye,2021,5.5,7,.,.,.,.,7,.,.,.,.,.,.,.,.,.,.,.
Titane,2021,.,.,8.5,.,.,.,8,.,.,.,.,.,.,.,.,.,.,.
Snowpiercer,2013,7.5,.,8,6.5,.,7.5,8,.,.,.,7.5,.,.,.,8,.,.,.
The Last Duel,2021,8.5,8,8,8,.,8,8,.,.,.,.,.,.,.,.,.,.,.
Dune,2021,9,7.5,9.5,9,.,9.5,9.5,7,9,7,.,.,.,.,9.5,9,7.5,9.5
Last Night in Soho,2021,.,.,6.5,7,.,.,7.5,.,.,.,.,.,.,.,.,.,.,.
Eternals,2021,.,.,4.5,.,.,.,4,.,3,.,.,.,.,.,.,.,.,.
Belfast,2021,7.5,8,7,7,.,10,9.5,.,.,.,.,.,.,.,.,.,.,.
The French Dispatch,2021,7,6.5,7,6.5,.,.,8,.,.,.,.,.,.,.,7.6,.,.,.
House of Gucci,2021,6,6,7.5,.,.,.,7.5,.,.,.,.,.,.,.,.,.,8.5,.
C'mon C'mon,2021,.,.,8,.,.,.,,.,.,.,.,.,.,.,.,.,.,.
Spencer,2021,4.5,5,.,.,.,.,3.5,.,.,.,.,.,.,.,.,.,.,.
Ghostbusters: Afterlife,2021,7,8,6,.,.,7,7,8,.,7.25,.,.,.,.,9,8.5,.,8.5
Licorice Pizza,2021,7.5,8,9,8.5,.,.,8.5,.,.,6.5,.,.,.,.,.,.,.,.
West Side Story,2021,7,7.5,7.5,.,.,6.5,7,.,6,6.5,.,.,.,.,.,8,.,7.5
Spider-Man: No Way Home,2021,8,8,8,.,.,8,9,7,9,7,.,.,.,.,.,8.5,.,9
About Time,2013,7,.,.,.,.,.,.,.,.,.,.,.,.,.,.,.,.,.
Don't Look Up,2021,.,.,6.5,6,.,4,3,5,6,5,.,.,9,.,.,.,.,.
Red Rocket,2021,.,.,8.5,.,.,.,7.5,.,.,.,.,.,.,.,.,.,.,.
The Tragedy of Macbeth,2021,.,.,7.5,.,.,.,7,.,.,.,.,.,.,.,.,.,.,.
King Richard,2021,.,.,7.5,.,.,7.5,7.5,.,.,.,.,.,.,.,.,.,.,.
The Lost Daughter,2021,4,5,8,,.,.,.,.,.,.,.,.,.,.,.,.,.,.
The Power of the Dog,2021,5,8,8,8,.,.,7,.,3,.,.,.,.,.,.,.,.,.
American Underdog,2021,6,6,.,.,.,.,7,7.5,.,.,.,.,.,.,.,8,.,8.5
Gladiator,2000,9.5,9.5,9.5,10,.,10,9,9,10,9,9.5,.,.,.,9,8,.,9
The Matrix Resurrections,2021,3,.,.,.,.,.,7,3,.,4.5,.,.,.,.,5,.,.,.
Encanto,2021,4.5,4,.,.,.,5,7,7,7,6.5,7,.,.,.,.,4.5,.,2
Shiva Baby,2021,.,.,7.5,.,.,.,6,.,.,.,.,.,.,.,.,.,.,.
The Rescue (Nat Geo),2021,9,.,9.5,9,.,9,8,.,.,.,.,.,.,.,.,.,.,.
Three Kings,1999,9.5,7,9.5,9.5,.,8,9,9,8,.,.,.,.,.,.,.,.,.
The Girl with the Dragon Tattoo,2011,7.5,.,7,7,.,7,7,.,.,.,.,.,.,.,.,.,.,.
Nine Days,2021,.,.,7.5,.,.,.,.,.,.,.,.,.,.,.,.,.,.,.
Nightmare Alley,2021,8,8,8.5,8,.,7.5,6,.,.,.,.,.,.,.,.,.,.,.
Death on the Nile,2022,3,4,4,.,.,7,5,.,.,.,.,.,.,.,7,.,.,.
The Souvenir,2019,.,.,7.5,.,.,.,.,.,.,.,.,.,.,.,.,.,.,.
The Worst Person in the World,2021,.,.,9,8.5,.,.,9,.,.,.,.,.,.,.,.,.,.,.
Jackass Forever,2022,8,.,8,7,.,.,8.5,7,8,.,.,.,.,.,.,.,.,.
Drive My Car,2021,3,4,8.5,.,.,.,6,.,.,.,.,.,.,.,.,.,.,.
Uncharted,2022,.,.,4.5,.,.,5,.,.,6,.,.,.,.,.,6,.,.,.
The Batman,2022,.,.,7.5,9,.,5,7,.,8,7.5,.,.,.,.,7.5,.,.,.
Benedetta,2021,.,.,8,.,.,.,.,.,.,.,.,.,.,.,.,.,.,.
Against the Ice,2022,7,7,.,.,.,.,.,.,.,.,.,.,.,.,.,.,.,.
CODA,2021,9,7.5,8,.,.,7,.,9,9,.,.,.,.,.,.,8.5,.,8.5
Kimi,2022,.,.,7,.,.,.,8,.,.,.,.,.,.,.,.,.,.,.
Everything Everywhere All At Once,2022,7.5,7.5,8,7,.,6.5,6.5,.,9,7.25,8.5,.,.,.,.,.,.,.
Lost City,2022,.,.,5,7.5,.,4,7,.,7,5,.,.,.,.,.,.,.,.
Ambulance,2022,.,.,8.5,8.5,.,.,6,.,.,.,.,.,.,.,7,.,.,.
The Edge,1997,9,7,9,8.5,.,8,8,.,.,.,.,.,.,.,.,.,.,.
The Northman,2022,7,6.5,7,.,.,6,6,.,.,.,.,.,.,.,8.5,.,7.5,.
The Unbearable Weight of Massive Talent,2022,.,.,6.5,,.,.,7.5,.,7,.,.,.,.,.,.,.,7,.
Scream (5),2022,.,.,6,.,.,.,.,.,.,.,.,.,.,.,4,.,.,.
Dr. Strange in the Multiverse of Madness,2022,5,.,6.5,.,.,6,7,.,5,.,.,.,.,.,.,4,.,7.5
Moonfall,2022,.,.,2.5,.,.,.,.,.,.,.,.,.,.,.,5,.,.,.
MEN,2022,.,.,7.5,.,.,.,7,.,.,.,.,.,.,.,.,.,.,.
Top Gun: Maverick,2022,9,9,9.5,9.5,.,9,9,10,6,9,8,.,.,.,.,8.5,10,9
Downton Abbey: A New Era,2022,7.5,7.5,.,.,.,7,7,.,.,.,.,.,.,.,7,.,.,.
Hustle,2022,7.5,.,8,.,.,.,8.5,.,.,.,.,.,.,.,.,.,.,.
Jurassic World: Dominion,2022,.,.,1.5,0.75,.,3,3,5,.,2.5,.,.,.,.,6,.,.,.
Cha Cha Real Smooth,2022,.,.,7.5,.,.,.,8.5,.,.,.,.,.,.,.,.,.,.,.
Elvis,2022,6.5,7,6,9.5,.,7.5,7,.,.,.,.,.,.,.,.,.,.,.
Watcher,2022,.,.,6.5,.,.,.,.,.,.,.,.,.,.,.,.,.,.,.
Spiderhead,2022,.,.,4.5,.,.,.,5,.,.,.,.,.,.,.,.,.,.,.
Thor: Love and Thunder,2022,4,.,.,.,.,6,7,.,8,.,.,.,.,.,.,.,.,5
Mrs Harris Goes to Paris,2022,7.5,8,.,.,.,7,8,.,.,.,.,.,.,.,.,.,.,.
NOPE,2022,.,.,7,7,.,.,7,.,7,.,.,.,.,.,.,.,7,.
Minions: The Rise of Gru,2022,.,.,.,.,.,.,3,.,3,2,.,.,.,.,.,.,.,4.5
The Gray Man,2022,.,.,.,.,.,7,.,.,.,.,.,.,.,.,.,.,8.5,.
Prey,2022,.,.,8.5,.,.,.,9,.,.,.,.,.,.,.,.,.,.,.
Bullet Train,2022,.,.,2.5,6,.,.,4,.,.,.,.,.,.,.,.,.,.,.
Vengeance,2022,7,7,7,.,.,.,8,.,.,.,.,.,.,.,.,.,.,.
Thirteen Lives,2022,6.5,6,.,.,.,.,7.5,.,.,.,.,.,.,.,.,.,.,.
Emily the Criminal,2022,7.5,7.5,7.5,8,.,.,8,.,.,.,.,.,.,.,.,.,.,.
3000 Years of Longing,2022,.,.,6.5,5.5,.,.,8,.,.,.,.,.,.,.,.,.,.,.
Barbarian,2022,7.5,7,8.5,9,.,.,8,.,.,.,.,.,.,.,5,.,.,.
Moonage Daydream,2022,.,.,7.5,.,.,.,9,.,.,.,.,.,.,.,.,.,.,.
T嫫,2022,8.5,8.5,9,7.5,.,.,8.5,.,.,.,.,.,.,.,.,.,.,.
Armageddon Time,2022,.,.,7.5,.,.,.,.,.,.,.,.,.,.,.,.,.,.,.
All Quiet On The Western Front,2022,.,.,.,8.5,.,8,6,.,8,.,.,.,.,.,.,.,9,.
The Banshees of Inisherin,2022,7.5,7,9,8,.,6.5,8,.,5,8,.,.,.,.,.,.,.,.
Weird: The Al Yankovic Story,2022,.,.,7.5,.,.,.,6.5,6,5,8.99,.,.,.,.,.,.,.,.
Black Panther: Wakanda Forever,2022,5,5,5.5,5.5,.,6,6,.,.,.,.,.,.,.,.,6,.,7
The Fabelmans,2022,.,.,7,7.5,.,6,7,.,.,.,.,.,.,.,.,.,.,.
"Confess, Fletch",2022,.,.,7.5,8,.,.,8.5,.,.,.,.,.,.,.,.,.,.,.
The Menu,2022,7.5,8,8,8,.,7,7,.,.,8,.,.,.,.,8,.,8.5,.
Spirited,2022,7,.,.,8.5,.,.,8.5,8.5,.,.,.,.,7.5,.,.,.,.,7
Prisoners,2013,8,7.5,8,8.5,.,.,8,.,.,.,.,.,.,.,.,.,.,.
Avatar: The Way of Water,2022,8,8,8.5,8.5,.,6.5,8,8.5,.,7.5,6.5,.,.,.,.,8,.,9
Glass Onion,2022,7,7,6.5,8.5,.,7.5,7.5,.,.,6.5,.,.,.,.,.,6,7.5,7.5
The Whale,2022,7,7,.,.,.,.,.,.,7,7.5,.,.,7.5,.,.,.,9,.
The Vanishing,2018,5.5,5.5,.,.,.,.,.,.,.,.,.,.,.,.,.,.,.,.
Babylon,2022,.,.,6.5,7,.,.,8,.,.,.,.,.,.,.,.,.,.,.
Bodies Bodies Bodies,2022,.,.,8,.,.,.,6.5,.,.,.,.,.,.,.,.,.,.,.
M3gan,2022,.,.,6.5,.,.,6,7.5,.,.,.,.,.,.,.,.,.,.,.
After Yang,2021,.,.,.,.,.,.,8.5,.,.,.,.,.,.,.,.,.,.,.
RRR,2022,8,.,8.5,8.5,.,8,8,.,9,.,.,.,.,.,.,.,.,8
Guillermo Del Toro's Pinocchio,2022,7.5,8.5,.,.,.,7.5,8,3,.,.,.,.,.,.,.,.,.,.
Aftersun,2022,.,.,8,.,.,.,8.5,.,.,.,.,.,.,.,.,.,.,.
Broker,2022,7.5,.,.,.,.,.,.,.,.,.,.,.,.,.,.,.,.,.
You People,2023,.,.,.,7.5,.,.,8.5,.,.,.,.,.,7,.,.,.,.,.
Argentina 1985,2022,8,.,.,.,.,.,8.5,.,.,.,.,.,.,.,.,.,.,.
"Pamela, A Love Story",2023,.,.,7.5,.,.,.,7,.,.,.,.,.,.,.,.,.,.,.
Knock at the Cabin,2023,.,.,6.5,.,.,.,6,.,.,7.5,.,.,.,.,.,.,6.5,.
Triangle of Sadness,2022,.,.,.,7.5,.,.,5,.,.,.,.,.,.,.,.,.,.,.
Force Majeure,2014,.,.,.,9,.,.,.,.,.,.,.,.,.,.,.,.,.,.
Ant-Man & The Wasp: Quantumania,2023,.,.,5,.,.,5,5,.,.,.,.,.,.,.,.,.,.,.
Creed III,2023,.,.,7.5,.,.,7,.,.,.,.,.,.,.,.,.,.,.,.
Scream VI,2023,.,.,6.5,.,.,.,5,.,.,.,.,.,.,.,.,.,.,.
John Wick: Chapter 4,2023,8.5,.,9,9,.,.,8,9,9,.,.,.,.,.,.,.,.,.
Butt Boy,2019,.,.,.,.,.,.,.,.,.,5,.,.,.,.,.,.,.,.
Dungeons & Dragons: Honor Among Thieves,2023,.,.,8,.,.,8,8.5,.,.,7.75,.,.,.,.,.,.,8,.
Air,2023,7.5,7,7.5,7.5,.,.,8.5,8.5,7,7,.,.,9,.,.,.,9.5,.
Showing Up,2023,.,.,8.5,.,.,.,7,.,.,.,.,.,.,.,.,.,.,.
Renfield,2023,.,.,6,.,.,.,6,.,.,5,.,.,7.5,.,.,.,.,.
Navalny,2022,7.5,.,.,8.5,.,.,7,.,.,.,.,.,.,.,.,.,.,.
Guy Ritchie𠏋 The Covenant,2023,7.5,7,7.5,.,.,.,8.5,.,.,.,.,.,.,.,.,.,.,.
How to Blow Up a Pipeline,2023,.,.,8,.,.,.,.,.,.,.,.,.,.,.,.,.,.,.
Beau is Afraid,2023,.,.,8,5.5,.,.,7,.,.,.,.,.,.,.,.,.,.,.
Fall,2022,6,.,.,.,.,.,.,.,.,6.5,.,.,.,.,.,9,6,8.5
"Are You There God? It's Me, Margaret.",2023,8,9,8.5,.,.,.,7,.,.,.,.,.,.,.,.,.,.,.
Guardians of the Galaxy Vol. 3,2023,.,.,7,7.5,.,6.5,7,5,7,.,.,.,.,.,.,.,.,.
Super Mario Bros. Movie,2023,6,.,.,.,.,6,6.5,7,7,6.5,.,.,7.5,.,.,.,6.5,.
BlackBerry,2023,.,.,8.5,8.5,.,.,8,.,.,.,.,.,.,.,.,.,.,.
Spiderman: Across the Spider-Verse,2023,8,7.5,10,10,.,8,7,.,9,.,.,.,.,.,.,9,.,8.5
Past Lives,2023,8.5,9,8.5,8.5,.,.,.,.,.,.,.,.,.,.,.,.,.,.
Asteroid City,2023,.,.,7,7,.,.,8.5,.,.,.,.,.,.,.,.,.,.,.
The Flash,2023,.,.,5,.,.,.,7,.,.,.,.,.,.,.,.,.,.,.
Master Gardener,2023,.,.,8,.,.,.,.,.,.,.,.,.,.,.,.,.,.,.
No Hard Feelings,2023,.,.,7,7,.,.,7,.,.,.,.,.,.,.,.,.,.,.
Indiana Jones and the Dial of Destiny,2023,6.5,7,7,7,.,7.5,8,.,7,7.25,.,.,.,.,.,7,7,7
Tommy Boy,1995,9,9,8.5,9,.,8,9,9,9,8,.,.,.,.,.,10,.,9.5
Living,2022,7.5,.,.,.,.,.,.,.,.,.,.,.,.,.,.,.,.,.
Fast X,2023,.,.,2,.,.,.,3,.,.,.,.,.,.,.,.,.,.,.
Wham!,2023,.,.,.,.,.,.,.,.,.,8.75,.,.,.,.,.,.,.,.
Mission: Impossible - Dead Reckoning Part 1,2023,7.5,7,8,9,.,7.5,7,.,.,.,.,.,.,.,.,8,8.5,8
See How They Run,2022,.,.,.,.,.,7.5,.,.,.,.,.,.,.,.,.,.,.,.
Raiders of the Lost Ark,1981,10,9,10,10,.,10,9,9,10,9,.,.,.,.,.,.,9,9.5
Barbie,2023,8,8,8,9,.,6,7.5,.,7.5,6.5,.,.,8.5,.,.,.,7,.
Oppenheimer,2023,7.5,7,8.5,7,.,8,8.5,8.5,8,.,.,.,.,.,.,.,8.5,.
The Young Victoria,2009,8,.,.,.,.,.,.,.,.,.,.,.,.,.,.,.,.,.
Marcel the Shell,2021,.,.,.,.,.,.,9.5,.,.,.,.,.,.,.,.,.,.,.
TMNT: Mutant Mayhem,2023,.,.,7.5,.,.,.,7.5,.,8,.,.,.,.,.,.,.,.,.
Blue Beetle,2023,.,.,6.5,.,.,.,6,.,.,.,.,.,.,.,.,.,.,.
Theater Camp,2023,.,.,4.5,.,.,.,4,.,.,.,.,.,.,.,.,.,.,.
Joy Ride,2023,.,.,6.5,.,.,.,4.5,.,.,.,.,.,.,.,.,.,.,.
Crawl,2019,.,.,8,.,.,.,.,7,.,.,.,.,.,.,.,.,.,.
Biosphere,2023,.,.,5.5,.,.,.,.,.,.,.,.,.,.,.,.,.,.,.
The Artifice Girl,2023,.,.,7.5,.,.,.,.,.,.,.,.,.,.,.,.,.,.,.
Inside,2023,.,.,.,.,.,4,.,.,.,.,.,.,.,.,.,.,.,.
A Man Called Otto,2022,.,.,.,.,.,6,7,.,6,.,.,.,7,.,.,.,.,.
Oldboy,2003,.,.,.,.,.,.,.,.,.,9,.,.,.,.,.,.,8,.
Jurassic Park,1993,9,9,9.5,9.5,.,.,9,9.5,9,9.5,.,.,.,.,.,.,9,.
Chevalier,2022,.,.,.,.,.,6,.,.,.,.,.,.,.,.,.,.,.,.
Hypnosis,2023,.,.,.,.,.,.,4,.,.,.,.,.,.,.,.,.,.,.
Mission: Impossible II,2000,5,.,.,6,.,6,,4,.,.,.,.,.,.,.,.,.,.
Bottoms,2023,.,.,7.5,.,.,.,4.5,.,.,.,.,.,.,.,.,.,.,.
Equalizer 3,2023,.,.,6.5,.,.,.,.,.,.,.,.,.,.,.,.,.,.,.
Magic Mike's Last Dance,2023,.,.,.,.,.,.,.,5.5,.,.,.,.,.,.,.,.,.,.
Tetris,2023,.,.,.,.,.,.,8,9,8.5,.,.,.,.,.,.,.,.,.
Polite Society,2023,.,.,.,.,.,.,7.5,.,.,.,.,.,.,.,.,.,.,.
Dumb Money,2023,.,.,6.5,.,.,.,.,.,.,.,.,.,6.5,.,.,.,.,.
Stop Making Sense,1984 / 2023,.,.,10,9,.,.,9,.,.,9,.,.,.,.,.,.,.,.
No One Will Save You,2023,.,.,7.5,.,.,.,7.5,.,.,.,.,.,.,.,.,.,.,.
A Million Miles Away,2023,.,.,.,8.5,.,8,8,.,.,.,.,.,.,.,.,.,.,.
The Creator,2023,.,.,7.5,8.5,.,8,7,.,.,.,.,.,.,.,.,.,.,.
Haunted Mansion,2023,.,.,.,.,.,.,7,.,.,.,.,.,7,.,.,.,5,.
Elemental,2023,.,.,.,.,.,5,6.5,.,.,.,.,.,.,.,.,.,.,.
Taylor Swift: The Eras Tour,2023,.,.,8,.,.,.,.,.,.,8,.,.,.,.,.,.,8,.
Killers of the Flower Moon,2023,9,8,9,8,.,.,8.5,.,.,.,.,.,.,.,.,.,7.5,.
The Royal Hotel,2023,.,.,6.5,.,.,.,.,.,.,.,.,.,.,.,.,.,.,.
Totally Killer,2023,.,.,.,.,.,.,8.5,.,.,.,.,.,.,.,.,.,.,.
The Holdovers,2023,8.5,9,8.5,9,.,8.5,9,9,8.5,8.5,.,.,7.5,.,.,.,9.5,.
Bye Bye Barry,2023,.,.,.,.,.,.,9,.,.,.,.,.,.,.,.,.,.,.
Sisu,2022,.,.,.,.,.,7,7,.,.,.,.,.,.,.,.,.,.,.
Dream Scenario,2023,.,.,8,.,.,.,8.5,.,.,.,.,.,.,.,.,.,.,.
Napoleon,2023,6,6.5,6.5,.,.,.,6.5,.,.,.,.,.,.,.,.,.,.,.
The Killer,2023,.,.,8.5,8.5,.,.,.,.,.,.,.,.,.,.,.,.,.,.
May December,2023,.,.,8.5,7,.,.,.,.,.,.,.,.,.,.,.,.,7,.
Poor Things,2023,.,.,7.5,5.5,.,.,6,.,.,.,.,.,.,.,.,.,7,.
Leave the World Behind,2023,.,.,.,9,.,6.5,.,.,.,7.75,.,.,.,.,.,.,.,.
Daddy's Home 2,2017,4,5,.,.,.,7,5,.,.,.,.,.,7,.,.,.,.,5
Godzilla Minus One,2023,7,7.5,8,8,.,.,6,7.5,.,.,.,.,.,.,.,.,.,8
American Fiction,2023,7.5,7.5,7.5,.,.,.,8.5,.,.,7.75,.,.,.,.,.,.,10,.
Old Dads,2023,.,.,.,.,.,.,.,.,.,6,.,.,.,.,.,.,.,.
Bad Santa,2003,.,.,.,.,.,.,.,.,.,7.25,.,.,.,.,.,.,.,.
Wonka,2023,5.5,7,7,7,.,8,8,.,8,8,.,.,.,.,.,7,.,5.5
The Iron Claw,2023,8.5,9,8.5,.,.,.,8.5,.,.,9,.,.,.,.,.,.,.,.
Sound of Freedom,2023,7.5,.,.,.,.,7,.,.,.,.,.,.,.,.,.,.,.,.
Ferrari,2023,.,.,7.5,6.5,.,.,6,.,.,.,.,.,.,.,.,.,.,.
Maestro,2023,.,.,6,6.5,.,.,.,.,.,.,.,.,.,.,.,.,.,.
Gran Turismo,2023,.,.,.,.,.,7,7,.,.,7,.,.,.,.,.,.,.,.
Saltburn,2023,.,.,.,.,.,.,7,.,.,.,.,.,.,.,.,.,.,.
Maggie Moore(s),2023,.,.,.,.,.,.,8,.,.,.,.,.,.,.,.,.,.,.
Anyone But You,2023,.,.,5,.,.,.,.,.,.,.,.,.,.,.,.,.,.,.
Titanic,1997,9.5,8,9.5,9.5,.,9,7.5,9,8,.,.,.,.,.,.,9,.,8.5
The Last Repair Shop,2023,.,.,.,.,.,.,9,.,.,.,.,.,.,.,.,.,.,.
The Teachers' Lounge,2023,.,.,8,9.5,.,.,.,.,.,.,.,.,.,.,.,.,.,.
Talk to Me,2022,.,.,8,9,.,.,.,.,.,.,.,.,.,.,.,.,.,.
The Boys in the Boat,2023,.,.,.,.,.,8,.,8,.,.,.,.,.,.,.,.,.,.
Anatomy of a Fall,2023,7.5,.,8.5,8,.,.,.,.,.,.,.,.,.,.,.,.,7.5,.
The Notebook,2004,7,.,7,7,.,6,5,7,6,.,.,.,.,.,.,.,8.5,.
Groundhog Day,1993,10,9.5,10,10,.,9,9.5,9.5,9,9,.,.,.,.,.,.,9,9
The Zone of Interest,2023,.,.,9,9.5,.,9.5,8.5,.,.,6.75,.,.,.,.,.,.,8,.
Mission: Impossible III,2006,6,.,.,8.5,.,7,7.5,.,.,.,.,.,.,.,.,.,.,.
Society of the Snow,2023,.,.,8.5,8,.,.,.,.,.,.,.,.,.,.,.,.,.,.
Drive Away Dolls,2024,.,.,.,5.5,.,.,4,.,.,.,.,.,.,.,.,.,.,.
Dune Part 2,2024,9,.,9,9.5,.,9,9.5,6.5,.,.,.,.,.,.,.,9,.,10
Spaceman,2024,.,.,5.5,.,.,.,6,.,.,.,.,.,.,.,.,.,.,.
The Marvels,2023,.,.,.,.,.,.,4.5,.,.,.,.,.,.,.,.,.,.,.
Love Lies Bleeding,2024,.,.,8,.,.,.,.,.,.,.,.,.,.,.,.,.,.,.
Aquaman and the Lost Kingdom,2023,.,.,.,.,.,.,3,.,.,.,.,.,.,.,.,.,.,.
Road House,2024,.,.,4.5,.,.,.,8,.,.,.,.,.,.,.,.,.,.,.
Problemista,2024,3.5,5,.,.,.,.,.,.,.,.,.,.,.,.,.,.,.,.
Train to Busan,2016,.,.,8,.,.,8,.,.,.,.,.,.,.,.,.,.,.,.
The Thieves,2012,.,.,.,.,.,7.5,.,.,.,.,.,.,.,.,.,.,.,.
Operation Chromite,2016,.,.,.,.,.,6.5,.,.,.,.,.,.,.,.,.,.,.,.
A Haunting in Venice,2023,.,.,.,.,.,6,6.5,.,.,.,.,.,6.5,.,.,.,.,.
Exhuma,2024,.,.,.,.,.,.,.,.,.,6.5,.,.,.,.,.,.,.,.
The Natural,1984,9,.,9,9,.,8.5,9.5,.,.,.,.,.,.,.,.,.,9,.
Ghostbusters: Frozen Empire,2024,6,6,.,.,.,.,.,.,.,.,.,.,.,.,.,.,.,.
Monkey Man,2024,.,.,7.5,.,.,.,7,.,.,.,.,.,.,.,.,.,.,.
How to Talk to Girls at Parties,2017,.,.,.,.,.,.,8.5,.,.,.,.,.,.,.,.,.,.,.
Civil War,2024,8,.,8,8.5,.,.,7.5,.,.,.,.,.,.,.,.,.,8,.
A Taxi Driver,2017,8.5,.,.,.,.,8,.,.,.,.,.,.,.,.,.,.,.,.
Heat,1995,9.5,.,10,10,.,10,10,.,.,8.75,.,.,.,.,.,.,.,.
Priscilla,2023,.,.,7,.,.,.,6,.,.,.,.,.,.,.,.,.,.,.
Ministry of Ungentlemanly Warfare,2024,.,.,5.5,.,.,.,.,.,.,.,.,.,.,.,.,.,.,.
Hoosiers,1986,8,.,8.5,.,.,8,7.5,.,.,7.5,.,.,.,.,.,.,.,.
Challengers,2024,.,.,8.5,8.5,.,.,8,.,.,.,.,.,.,.,.,.,.,.
The Fall Guy,2024,.,.,7,.,.,7,6.5,5.5,.,7.75,.,.,.,.,.,.,.,.
The Idea of You,2024,.,.,6.5,.,.,.,.,.,.,.,.,.,.,.,.,.,.,.
Kingdom of the Planet of the Apes,2024,.,.,7,.,.,.,7.5,.,.,.,.,.,.,.,.,.,.,.
That's My Boy,2012,.,.,.,.,.,.,.,.,.,4,.,.,.,.,.,.,.,.
Hit Man,2024,7.5,7.5,8,.,.,.,.,.,.,.,.,.,.,.,.,.,.,.
Phantom Menace,1999,5.5,.,6,6,.,5,.,.,.,6,.,.,.,.,.,.,.,3
Attack of the Clones,2002,4.5,.,.,4.5,.,.,.,.,.,5,.,.,.,.,.,.,.,4
Revenge of the Sith,2005,6,.,.,5,.,.,.,.,.,7,.,.,.,.,.,.,.,.
Mad Max: Furiosa,2024,8.5,.,9,9,.,.,9,9,.,9.25,.,.,.,.,.,.,9,7
The Other Guys,2010,.,.,.,.,.,7.5,8,.,.,7.75,.,.,.,.,.,.,9,.
Bad Boys: Ride or Die,2024,.,.,7.5,.,.,.,.,.,.,.,.,.,.,.,.,.,.,.
Three Amigos!,1986,8,.,8,.,.,8,7.5,9,.,8,.,.,.,.,.,.,.,.
Unfrosted,2024,.,.,.,.,.,.,.,.,.,7,.,.,.,.,.,.,.,.
Keanu,2016,.,.,.,.,.,.,.,.,.,7.5,.,.,.,.,.,.,.,.
The Bikeriders,2024,.,.,7.5,.,.,.,7.5,.,.,.,.,.,.,.,.,.,.,.
Horizon: chapter 1,2024,5.5,.,5.5,.,.,.,6.5,.,.,.,.,.,.,.,.,.,.,.
Maxxxine,2024,.,.,.,.,.,.,7,.,.,.,.,.,.,.,.,.,.,.
A Quiet Place: Day One,2024,5.5,.,.,.,.,6,6.5,6,.,.,.,.,.,.,.,.,.,.
Longlegs,2024,.,.,5.5,.,.,.,.,.,.,6.75,.,.,.,.,.,.,5.5,.
Tuesday,2024,.,.,.,.,.,.,8,.,.,.,.,.,.,.,.,.,.,.
Bev Hills Cop: Axel F,2024,.,.,.,.,.,.,8,7.5,.,.,.,.,.,.,.,.,.,.
Twisters,2024,.,.,7.5,6,.,6,7,8,.,.,.,.,.,.,.,.,6.5,.
The Naked Gun,1988,8.5,.,9,.,.,.,9,.,.,9,.,.,.,.,.,.,.,8
Everybody Wants Some,2016,.,.,8.5,.,.,.,8.5,.,.,.,.,.,.,.,.,.,.,.
Deadpool & Wolverine,2024,.,.,8,8.5,.,.,8.5,.,.,.,.,.,.,.,.,.,.,.
Trap,2024,.,.,5.5,.,.,6.5,.,.,.,.,.,.,.,.,.,.,.,.
Alien: Romulus,2024,.,.,7,7.5,.,.,6.5,.,.,.,.,.,.,.,.,.,.,.
Strange Darling,2024,.,.,8,.,.,.,.,.,.,.,.,.,.,.,.,.,.,.
Rebel Ridge,2024,8,.,8,7.5,.,7,.,.,.,.,.,.,.,.,.,.,.,.
The Substance,2024,.,.,9,8,.,.,8,.,.,9,.,.,.,.,.,.,8.5,.
Beetlejuice Beetlejuice,2024,3,5,.,.,.,7,7,.,.,.,.,.,.,.,.,.,.,.
Megalopolis,2024,.,.,3.5,.,.,.,.,.,.,.,.,.,.,.,.,.,.,.
Joker 2,2024,.,.,3,.,.,.,5,.,.,.,.,.,.,.,.,.,.,.
It's What's Inside,2024,.,.,8.5,9,.,.,.,.,.,.,.,.,.,.,.,.,.,.
My Old Ass,2024,8.5,9,8.5,8,.,.,9,.,.,.,.,.,.,.,.,.,.,.
LOLA,2023,.,.,.,.,.,.,9,.,.,.,.,.,.,.,.,.,.,.
Wild Robot,2024,8,7,8,.,.,8,8.5,.,.,.,.,.,.,.,.,.,.,.
Saturday Night,2024,.,.,7,8,.,.,.,.,.,.,.,.,.,.,.,.,.,.
Anora,2024,.,.,9,9,.,.,6,.,.,6,.,.,.,.,.,.,9.5,.
We Live In Time,2024,5.5,6,.,.,.,.,.,.,.,.,.,.,.,.,.,.,.,.
Unfrosted,2024,.,.,.,.,.,6,.,.,.,.,.,.,.,.,.,.,.,.
Fly Me to the Moon,2024,.,.,.,.,.,7,7,.,.,.,.,.,.,.,.,.,.,.
I Am: Celine Dion,2024,.,.,.,.,.,.,8.5,.,.,.,.,.,.,.,.,.,.,.
Conclave,2024,8,.,7.5,8,.,7.5,8.5,.,.,.,.,.,.,.,.,.,8.5,.
Hundreds of Beavers,2024,.,.,6,.,.,.,5,.,.,.,.,.,.,.,.,.,.,.
A Real Pain,2024,.,.,6.5,.,.,.,7,.,.,.,.,.,.,.,.,.,.,.
Heretic,2024,2.5,5,6.5,7.5,.,.,6,.,.,7,.,.,.,.,.,.,6.5,.
Here,2024,.,.,8,.,.,8,.,.,.,.,.,.,.,.,.,.,.,.
Emilia Perez,2024,.,.,6,.,.,.,.,.,.,.,.,.,.,.,.,.,6.5,.
The Patriot,2000,7.5,.,.,.,.,7.5,.,.,.,.,.,.,.,.,.,.,.,8
Gladiator II,2024,7,8,7,8,.,7.5,7.5,7.5,.,.,.,.,.,.,.,.,6.5,.
Wicked,2024,6,7.5,7.5,7.5,.,.,8.5,6,.,.,.,.,.,.,.,.,5,.
Red One,,.,.,.,.,.,4,5,2,.,.,.,.,.,.,.,.,.,.
Juror #2,2024,7,.,8,7.5,.,.,8.5,7.5,.,7,.,.,.,.,.,.,7.5,.
The Man Who Invented Christmas?,,6,.,.,.,.,7.5,6,.,.,.,.,.,.,.,.,.,.,.
That Christmas,,.,.,.,.,.,7,.,.,.,.,.,.,.,.,.,.,.,.
5-Sep,2024,.,.,8,8,.,.,.,.,.,.,.,.,.,.,.,.,.,.
Flow,2024,.,.,9,8.5,.,.,.,.,.,.,.,.,.,.,.,.,.,.
Paint,,.,.,.,.,.,6,6.5,.,.,.,.,.,.,.,.,.,.,.
A Complete Unknown,2024,6,6.5,8,8.5,.,.,7.5,.,.,.,.,.,.,.,.,.,.,.
Carry-on,2024,.,.,7,7.5,.,.,.,.,.,.,.,.,.,.,.,.,.,.
I Saw the TV Glow,2024,.,.,5.5,.,.,.,.,.,.,.,.,.,.,.,.,.,.,.
Nosferatu,2024,.,.,8.5,8,.,.,5,.,.,8.5,.,.,.,.,.,.,8,.
Nickel Boys,2024,.,.,7.5,.,.,.,.,.,.,.,.,.,.,.,.,.,.,.
Casa Bonita Mi Amor,2024,.,.,.,.,.,.,9.5,.,.,.,.,.,.,.,.,.,.,.
Ernest Saves Christmas,1988,.,.,.,.,.,.,.,.,.,5.5,.,.,.,.,.,.,.,.
Better Man,2024,.,.,8,.,.,.,8,8.5,.,.,.,.,.,.,.,.,.,.
Greyhound,2020,.,.,.,.,.,7.5,.,.,.,.,.,.,.,.,.,.,8,.
Den of Thieves 2: Pantera,2024,.,.,5.5,.,.,.,.,.,.,.,.,.,.,.,.,.,.,.
The Brutalist,2024,.,.,8,7,.,.,.,.,.,7,.,.,.,.,.,.,9,.
Argylle,,.,.,.,.,.,4,6,.,.,.,.,.,.,.,.,.,.,.
Ghosted,,.,.,.,.,.,4,.,.,.,.,.,.,.,.,.,.,.,.
The Last Samurai,2003,8,.,.,.,.,7,.,.,.,.,.,.,.,.,.,.,.,7.5
Se7en,1995,8,6.5,9,9,.,8,7.5,.,.,9,.,.,.,.,.,.,9.5,.
Companion,2025,.,.,7.5,8,.,.,8,.,.,.,.,.,.,.,.,.,.,.
Presence,2025,.,.,7.5,.,.,.,.,.,.,.,.,.,.,.,.,.,.,.
Becoming Led Zeppelin,2025,.,.,8,.,.,8,.,.,.,.,.,.,.,.,.,.,.,.
You're Cordially Invited,2025,.,.,.,.,.,.,7,.,.,.,.,.,.,.,.,.,.,.
Paddington in Peru,2025,.,.,6.5,.,.,6,.,.,.,.,.,.,.,.,.,.,.,.
The Gorge,,.,.,5,.,.,7,6,.,.,.,.,.,.,.,.,.,.,.
The Pianist,2002,9,.,.,.,.,9,.,.,.,.,.,.,.,.,.,.,.,.
Red Rooms,2024,.,.,8,.,.,.,.,.,.,.,.,.,.,.,.,.,.,.
Mickey 17,2025,4,5,5.5,.,.,.,5,.,.,7,.,.,.,.,.,.,.,.
Black Bag,2025,7.5,7.5,8,8.5,.,.,8.5,.,.,.,.,.,.,.,.,.,.,.
Last Breath,2025,.,.,7,7,.,.,7.5,.,.,.,.,.,.,.,.,.,.,.
Novocaine,2025,.,.,6.5,.,.,.,6,.,.,.,.,.,.,.,.,.,.,.
Sing Sing,2024,.,.,8,.,.,.,.,.,.,.,.,.,.,.,.,.,.,.
Warfare,2025,.,.,8,8,.,.,.,.,.,.,.,.,.,.,.,.,.,.
Sinners,2025,.,.,8.5,8.5,.,8,9,.,.,8.25,.,.,.,.,.,.,9.5,.
Thunderbolts*,2025,.,.,7.5,7.5,.,7,8,.,.,.,.,.,.,.,.,.,.,.
Friendship,2025,5,5,8,7.5,.,.,7,.,.,7.5,.,.,.,.,.,.,.,.
Mission: Impossible - The Final Reckoning,2025,7,6.5,7,6.5,.,.,7,7,.,7.5,.,.,.,.,.,7.5,8.5,.
The Phoenician Scheme,2025,.,.,6.5,8.5,.,.,7.5,.,.,.,.,.,.,.,.,.,.,.
Set It Up,2018,.,.,7,.,.,.,.,.,.,.,.,.,.,.,.,8,.,.
Ballerina,2025,.,.,8,8,.,.,.,.,.,.,.,.,.,.,.,.,.,.
The Materialists,2025,.,.,7,.,.,.,8.5,.,.,.,.,.,.,.,.,.,.,.
28 Years Later,2025,.,.,8,8,.,.,.,.,.,.,.,.,.,.,.,.,.,.
The Lord of the Rings: The War of the Rohirrim,2024,5,.,.,.,.,5,.,.,.,.,.,.,.,.,.,.,.,.
Minecraft,2025,.,.,.,6,.,6,7.5,7.5,.,7,.,.,.,.,.,.,.,6.5
F1,2025,6.5,7,9,9,.,8,.,8,.,7,.,.,.,.,.,.,.,.
Jurassic World: Rebirth,2025,.,.,5.5,5,.,3,5.5,.,.,.,.,.,.,.,.,.,.,.
Superman,2025,.,.,6.5,7,.,.,8,.,.,.,.,.,.,.,.,.,.,.
Eddington,2025,.,.,6.5,7,.,.,.,.,.,.,.,.,.,.,.,.,7,.
Fantastic 4,2025,.,.,7.5,7.5,.,6,7.5,.,.,.,.,.,.,.,.,.,.,.
Lone Survivor,,.,.,.,.,.,7.5,.,.,.,.,.,.,.,.,.,.,.,.
Happy Gilmore 2,2025,4.5,.,5,.,.,4,.,6,.,7,.,.,.,.,.,.,.,6.5
The Naked Gun,2025,.,.,7.5,.,.,.,7,.,.,6.5,.,.,.,.,.,.,.,.
Together,2025,.,.,8,8.5,.,.,.,.,.,.,.,.,.,.,.,.,.,.
Weapons,2025,.,.,8.5,8,.,.,7.5,.,.,8,.,.,.,.,.,.,8,.
Old Henry,,.,.,.,.,.,7.5,.,.,.,.,.,.,.,.,.,.,.,.
Caught Stealing,,.,.,4,.,.,.,.,.,.,.,.,.,.,.,.,.,.,.
Downton Abbey: The Grand Finale,2025,6,6,.,.,.,5,.,.,.,.,.,.,.,.,.,.,.,.
Splitsville,2025,.,.,8,8,.,.,.,.,.,.,.,.,.,.,.,.,.,.
The Long Walk,2025,5.5,6,6.5,.,.,.,.,.,.,.,.,.,.,.,.,.,.,.
Spinal Tap II,2025,.,.,5.5,.,.,.,.,.,.,.,.,.,.,.,.,.,.,.
One Battle After Another,2025,6.5,5,9,9.5,.,.,8,.,.,8,.,.,.,.,.,.,9.5,.
Tron: Ares,2025,.,.,7.5,7.5,.,.,.,.,.,.,.,.,.,.,.,.,.,.
Frankenstein,2025,7,7,7.5,.,.,6,.,.,.,.,.,.,.,.,.,.,.,.
Bugonia,2025,.,.,8.5,8,.,.,7,.,.,.,.,.,.,.,.,.,.,.
It Was Just An Accident,2025,5.5,6,.,.,.,.,.,.,.,.,.,.,.,.,.,.,.,.
Predator: Badlands,2025,.,.,8,.,.,7.5,.,.,.,.,.,.,.,.,.,.,.,.
Bernie,2011,9,.,8.5,.,.,.,.,.,.,.,.,.,.,.,.,.,.,.
The Running Man,2025,.,.,5,.,.,.,5,.,.,.,.,.,.,.,.,.,.,.
Sentimental Value,2025,7,6.5,8,.,.,.,.,.,.,.,.,.,.,.,.,.,.,.
Wicked: For Good,2025,4.5,7,.,6,.,4,5,6.5,.,.,.,.,.,.,.,.,.,5
Hamnet,2025,8.5,7.5,8,8,.,9,8.5,.,.,.,.,.,.,.,.,.,.,.
Train Dreams,2025,8,.,8,8.5,.,8,.,.,.,.,.,.,.,.,.,.,.,.
Wake Up Dead Man,2025,.,.,7.5,8,.,7,.,.,.,.,.,.,.,.,.,.,8,.
Avatar: Fire & Ash,2025,.,.,6.5,.,.,6,.,.,.,.,.,.,.,.,.,.,.,.
Marty Supreme,2025,6,5,8,8.5,.,.,7.5,6.5,.,8.5,.,.,.,.,.,.,.,.
Empire of the Sun,1987,9.5,.,.,.,.,9.5,9.5,.,.,.,.,.,.,.,.,.,.,.
Anaconda,2025,.,.,5.5,.,.,.,.,2.5,.,.,.,.,.,.,.,.,.,.
Song Sung Blue,2025,.,.,6.5,.,.,.,7,.,.,.,.,.,.,.,.,.,.,.
Eternity,2025,.,.,7,.,.,.,.,.,.,.,.,.,.,.,.,.,.,.
A House of Dynamite,2025,.,.,.,7,.,.,.,.,.,.,.,.,.,.,.,.,8.5,.
White Chicks,2004,.,.,.,.,.,.,.,7,.,7,.,.,.,.,.,.,.,.
No Other Choice,2025,7.5,7.5,8,.,.,.,.,.,.,.,.,.,.,.,.,.,.,.
28 Years Later: The Bone Temple,2026,.,.,9,8.5,.,.,.,.,.,.,.,.,.,.,.,.,.,.
The Rip,2026,7,.,7,7.5,.,7,.,.,.,7,.,.,.,.,.,.,7,.
The Grand Budapest Hotel,2014,.,.,9,10,.,.,9,.,.,.,.,.,.,.,.,.,.,.
The Testament of Ann Lee,2025,.,.,6,.,.,.,.,.,.,.,.,.,.,.,.,.,.,.
Send Help,2026,5.5,6,7.5,.,.,.,.,.,.,6.5,.,.,.,.,.,.,.,.
Mountainhead,2025,.,.,.,7,.,.,7.5,.,.,.,.,.,.,.,.,.,7,.
Crime 101,2026,.,.,6,.,.,.,6.5,.,.,.,.,.,.,.,.,.,.,.
Nirvanna the Band the Show the Movie,2026,9,8,9,9,.,.,.,.,.,8.5,.,.,.,.,.,.,9,.
The Bride!,2026,.,.,.,.,.,.,.,.,.,.,.,.,.,.,.,.,7,.
EPiC: Elvis Presley in Concert,2026,.,.,.,.,.,.,.,.,.,8.75,.,.,.,.,.,.,.,.
If I Had Legs I'd Kick You,2025,.,.,.,6.5,.,.,8,.,.,.,.,.,.,.,.,.,.,.
Project Hail Mary,2026,8,8,8,7.5,.,9,.,.,.,8,.,.,.,.,.,.,6,.
The Drama,2026,8.5,8,8,.,.,.,.,.,.,.,.,.,.,.,.,8.5,.,.
Mid90s,,.,.,.,.,.,7,.,.,.,.,.,.,.,.,.,.,.,.
Top Gun,1986,.,.,.,.,.,.,.,.,.,6.75,.,.,.,.,.,.,.,.
The Devil Wears Prada 2,2026,.,.,6.5,.,.,.,.,.,.,.,.,.,.,.,.,.,.,.
Obsession,2026,.,.,8,.,.,.,.,.,.,.,.,.,.,.,.,.,.,.
Jack Ryan: Ghost War,2026,.,.,.,.,.,.,5,.,.,.,.,.,.,.,.,.,.,.
The Sheep Detectives,2026,8,.,8.5,.,.,.,.,.,.,.,.,.,.,.,.,.,.,.
Backrooms,2026,.,.,7,.,.,.,.,.,.,.,.,.,.,.,.,.,.,.
